2026-07-01 04:14:31.595 [main] INFO  com.library.util.DatabaseConnection - Database connection pool initialized for jdbc:mysql://localhost:3306/library_db?useSSL=false&serverTimezone=UTC&allowPublicKeyRetrieval=true
2026-07-01 04:14:31.901 [main] INFO  com.library.util.DataSeeder - Seeded default users: admin/admin123, librarian/lib123
2026-07-01 04:14:31.903 [main] INFO  com.library.util.DataSeeder - Seeding 500 demo books...
2026-07-01 04:14:31.924 [main] INFO  com.library.dao.BookDao - Book saved: Fiction Insights Vol. 1
2026-07-01 04:14:31.930 [main] INFO  com.library.dao.BookDao - Book saved: Mathematics Insights Vol. 2
2026-07-01 04:14:31.935 [main] INFO  com.library.dao.BookDao - Book saved: Technology Insights Vol. 3
2026-07-01 04:14:31.938 [main] INFO  com.library.dao.BookDao - Book saved: Technology Insights Vol. 4
2026-07-01 04:14:31.940 [main] INFO  com.library.dao.BookDao - Book saved: Fiction Insights Vol. 5
2026-07-01 04:14:31.942 [main] INFO  com.library.dao.BookDao - Book saved: Science Insights Vol. 6
2026-07-01 04:14:31.945 [main] INFO  com.library.dao.BookDao - Book saved: Fiction Insights Vol. 7
2026-07-01 04:14:31.946 [main] INFO  com.library.dao.BookDao - Book saved: Fantasy Insights Vol. 8
2026-07-01 04:14:31.949 [main] INFO  com.library.dao.BookDao - Book saved: Self-Help Insights Vol. 9
2026-07-01 04:14:31.951 [main] INFO  com.library.dao.BookDao - Book saved: Biography Insights Vol. 10
2026-07-01 04:14:31.955 [main] INFO  com.library.dao.BookDao - Book saved: History Insights Vol. 11
2026-07-01 04:14:31.958 [main] INFO  com.library.dao.BookDao - Book saved: Fiction Insights Vol. 12
2026-07-01 04:14:31.961 [main] INFO  com.library.dao.BookDao - Book saved: Fantasy Insights Vol. 13
2026-07-01 04:14:31.963 [main] INFO  com.library.dao.BookDao - Book saved: Biography Insights Vol. 14
2026-07-01 04:14:31.966 [main] INFO  com.library.dao.BookDao - Book saved: Fiction Insights Vol. 15
2026-07-01 04:14:31.969 [main] INFO  com.library.dao.BookDao - Book saved: History Insights Vol. 16
2026-07-01 04:14:31.973 [main] INFO  com.library.dao.BookDao - Book saved: Fiction Insights Vol. 17
2026-07-01 04:14:31.977 [main] INFO  com.library.dao.BookDao - Book saved: History Insights Vol. 18
2026-07-01 04:14:31.980 [main] INFO  com.library.dao.BookDao - Book saved: Fantasy Insights Vol. 19
2026-07-01 04:14:31.982 [main] INFO  com.library.dao.BookDao - Book saved: History Insights Vol. 20
2026-07-01 04:14:31.986 [main] INFO  com.library.dao.BookDao - Book saved: Fiction Insights Vol. 21
2026-07-01 04:14:31.989 [main] INFO  com.library.dao.BookDao - Book saved: Science Insights Vol. 22
2026-07-01 04:14:31.991 [main] INFO  com.library.dao.BookDao - Book saved: Philosophy Insights Vol. 23
2026-07-01 04:14:31.993 [main] INFO  com.library.dao.BookDao - Book saved: Fiction Insights Vol. 24
2026-07-01 04:14:31.996 [main] INFO  com.library.dao.BookDao - Book saved: Philosophy Insights Vol. 25
2026-07-01 04:14:31.999 [main] INFO  com.library.dao.BookDao - Book saved: Technology Insights Vol. 26
2026-07-01 04:14:32.001 [main] INFO  com.library.dao.BookDao - Book saved: Technology Insights Vol. 27
2026-07-01 04:14:32.004 [main] INFO  com.library.dao.BookDao - Book saved: Mystery Insights Vol. 28
2026-07-01 04:14:32.008 [main] INFO  com.library.dao.BookDao - Book saved: History Insights Vol. 29
2026-07-01 04:14:32.011 [main] INFO  com.library.dao.BookDao - Book saved: History Insights Vol. 30
2026-07-01 04:14:32.016 [main] INFO  com.library.dao.BookDao - Book saved: Fiction Insights Vol. 31
2026-07-01 04:14:32.018 [main] INFO  com.library.dao.BookDao - Book saved: Self-Help Insights Vol. 32
2026-07-01 04:14:32.021 [main] INFO  com.library.dao.BookDao - Book saved: Biography Insights Vol. 33
2026-07-01 04:14:32.023 [main] INFO  com.library.dao.BookDao - Book saved: Fiction Insights Vol. 34
2026-07-01 04:14:32.027 [main] INFO  com.library.dao.BookDao - Book saved: Biography Insights Vol. 35
2026-07-01 04:14:32.029 [main] INFO  com.library.dao.BookDao - Book saved: Science Insights Vol. 36
2026-07-01 04:14:32.031 [main] INFO  com.library.dao.BookDao - Book saved: Philosophy Insights Vol. 37
2026-07-01 04:14:32.034 [main] INFO  com.library.dao.BookDao - Book saved: Mathematics Insights Vol. 38
2026-07-01 04:14:32.037 [main] INFO  com.library.dao.BookDao - Book saved: Mystery Insights Vol. 39
2026-07-01 04:14:32.040 [main] INFO  com.library.dao.BookDao - Book saved: Self-Help Insights Vol. 40
2026-07-01 04:14:32.043 [main] INFO  com.library.dao.BookDao - Book saved: Self-Help Insights Vol. 41
2026-07-01 04:14:32.046 [main] INFO  com.library.dao.BookDao - Book saved: Fantasy Insights Vol. 42
2026-07-01 04:14:32.051 [main] INFO  com.library.dao.BookDao - Book saved: Fiction Insights Vol. 43
2026-07-01 04:14:32.053 [main] INFO  com.library.dao.BookDao - Book saved: Mathematics Insights Vol. 44
2026-07-01 04:14:32.056 [main] INFO  com.library.dao.BookDao - Book saved: Mathematics Insights Vol. 45
2026-07-01 04:14:32.058 [main] INFO  com.library.dao.BookDao - Book saved: History Insights Vol. 46
2026-07-01 04:14:32.061 [main] INFO  com.library.dao.BookDao - Book saved: Mathematics Insights Vol. 47
2026-07-01 04:14:32.065 [main] INFO  com.library.dao.BookDao - Book saved: Self-Help Insights Vol. 48
2026-07-01 04:14:32.069 [main] INFO  com.library.dao.BookDao - Book saved: Philosophy Insights Vol. 49
2026-07-01 04:14:32.074 [main] INFO  com.library.dao.BookDao - Book saved: Science Insights Vol. 50
2026-07-01 04:14:32.076 [main] INFO  com.library.dao.BookDao - Book saved: History Insights Vol. 51
2026-07-01 04:14:32.081 [main] INFO  com.library.dao.BookDao - Book saved: Mathematics Insights Vol. 52
2026-07-01 04:14:32.085 [main] INFO  com.library.dao.BookDao - Book saved: Mystery Insights Vol. 53
2026-07-01 04:14:32.087 [main] INFO  com.library.dao.BookDao - Book saved: Fantasy Insights Vol. 54
2026-07-01 04:14:32.090 [main] INFO  com.library.dao.BookDao - Book saved: Biography Insights Vol. 55
2026-07-01 04:14:32.093 [main] INFO  com.library.dao.BookDao - Book saved: Self-Help Insights Vol. 56
2026-07-01 04:14:32.096 [main] INFO  com.library.dao.BookDao - Book saved: Fantasy Insights Vol. 57
2026-07-01 04:14:32.098 [main] INFO  com.library.dao.BookDao - Book saved: Philosophy Insights Vol. 58
2026-07-01 04:14:32.101 [main] INFO  com.library.dao.BookDao - Book saved: Fiction Insights Vol. 59
2026-07-01 04:14:32.105 [main] INFO  com.library.dao.BookDao - Book saved: Fantasy Insights Vol. 60
2026-07-01 04:14:32.107 [main] INFO  com.library.dao.BookDao - Book saved: Fantasy Insights Vol. 61
2026-07-01 04:14:32.111 [main] INFO  com.library.dao.BookDao - Book saved: Self-Help Insights Vol. 62
2026-07-01 04:14:32.114 [main] INFO  com.library.dao.BookDao - Book saved: Mathematics Insights Vol. 63
2026-07-01 04:14:32.116 [main] INFO  com.library.dao.BookDao - Book saved: Biography Insights Vol. 64
2026-07-01 04:14:32.118 [main] INFO  com.library.dao.BookDao - Book saved: Fantasy Insights Vol. 65
2026-07-01 04:14:32.120 [main] INFO  com.library.dao.BookDao - Book saved: Mystery Insights Vol. 66
2026-07-01 04:14:32.122 [main] INFO  com.library.dao.BookDao - Book saved: Mystery Insights Vol. 67
2026-07-01 04:14:32.125 [main] INFO  com.library.dao.BookDao - Book saved: Philosophy Insights Vol. 68
2026-07-01 04:14:32.130 [main] INFO  com.library.dao.BookDao - Book saved: Self-Help Insights Vol. 69
2026-07-01 04:14:32.133 [main] INFO  com.library.dao.BookDao - Book saved: Mystery Insights Vol. 70
2026-07-01 04:14:32.137 [main] INFO  com.library.dao.BookDao - Book saved: Biography Insights Vol. 71
2026-07-01 04:14:32.139 [main] INFO  com.library.dao.BookDao - Book saved: Self-Help Insights Vol. 72
2026-07-01 04:14:32.142 [main] INFO  com.library.dao.BookDao - Book saved: History Insights Vol. 73
2026-07-01 04:14:32.146 [main] INFO  com.library.dao.BookDao - Book saved: Biography Insights Vol. 74
2026-07-01 04:14:32.148 [main] INFO  com.library.dao.BookDao - Book saved: Mathematics Insights Vol. 75
2026-07-01 04:14:32.150 [main] INFO  com.library.dao.BookDao - Book saved: Philosophy Insights Vol. 76
2026-07-01 04:14:32.153 [main] INFO  com.library.dao.BookDao - Book saved: Technology Insights Vol. 77
2026-07-01 04:14:32.155 [main] INFO  com.library.dao.BookDao - Book saved: Fantasy Insights Vol. 78
2026-07-01 04:14:32.159 [main] INFO  com.library.dao.BookDao - Book saved: Technology Insights Vol. 79
2026-07-01 04:14:32.161 [main] INFO  com.library.dao.BookDao - Book saved: Philosophy Insights Vol. 80
2026-07-01 04:14:32.164 [main] INFO  com.library.dao.BookDao - Book saved: History Insights Vol. 81
2026-07-01 04:14:32.166 [main] INFO  com.library.dao.BookDao - Book saved: History Insights Vol. 82
2026-07-01 04:14:32.168 [main] INFO  com.library.dao.BookDao - Book saved: Fiction Insights Vol. 83
2026-07-01 04:14:32.171 [main] INFO  com.library.dao.BookDao - Book saved: Biography Insights Vol. 84
2026-07-01 04:14:32.175 [main] INFO  com.library.dao.BookDao - Book saved: Self-Help Insights Vol. 85
2026-07-01 04:14:32.178 [main] INFO  com.library.dao.BookDao - Book saved: Mathematics Insights Vol. 86
2026-07-01 04:14:32.182 [main] INFO  com.library.dao.BookDao - Book saved: Biography Insights Vol. 87
2026-07-01 04:14:32.186 [main] INFO  com.library.dao.BookDao - Book saved: Self-Help Insights Vol. 88
2026-07-01 04:14:32.189 [main] INFO  com.library.dao.BookDao - Book saved: Biography Insights Vol. 89
2026-07-01 04:14:32.191 [main] INFO  com.library.dao.BookDao - Book saved: Mystery Insights Vol. 90
2026-07-01 04:14:32.194 [main] INFO  com.library.dao.BookDao - Book saved: Fiction Insights Vol. 91
2026-07-01 04:14:32.197 [main] INFO  com.library.dao.BookDao - Book saved: Fantasy Insights Vol. 92
2026-07-01 04:14:32.200 [main] INFO  com.library.dao.BookDao - Book saved: Science Insights Vol. 93
2026-07-01 04:14:32.204 [main] INFO  com.library.dao.BookDao - Book saved: Fantasy Insights Vol. 94
2026-07-01 04:14:32.206 [main] INFO  com.library.dao.BookDao - Book saved: Biography Insights Vol. 95
2026-07-01 04:14:32.208 [main] INFO  com.library.dao.BookDao - Book saved: Biography Insights Vol. 96
2026-07-01 04:14:32.212 [main] INFO  com.library.dao.BookDao - Book saved: Fantasy Insights Vol. 97
2026-07-01 04:14:32.214 [main] INFO  com.library.dao.BookDao - Book saved: Fantasy Insights Vol. 98
2026-07-01 04:14:32.218 [main] INFO  com.library.dao.BookDao - Book saved: Fiction Insights Vol. 99
2026-07-01 04:14:32.220 [main] INFO  com.library.dao.BookDao - Book saved: Science Insights Vol. 100
2026-07-01 04:14:32.222 [main] INFO  com.library.dao.BookDao - Book saved: History Insights Vol. 101
2026-07-01 04:14:32.227 [main] INFO  com.library.dao.BookDao - Book saved: Fiction Insights Vol. 102
2026-07-01 04:14:32.230 [main] INFO  com.library.dao.BookDao - Book saved: Self-Help Insights Vol. 103
2026-07-01 04:14:32.232 [main] INFO  com.library.dao.BookDao - Book saved: Fantasy Insights Vol. 104
2026-07-01 04:14:32.234 [main] INFO  com.library.dao.BookDao - Book saved: Mystery Insights Vol. 105
2026-07-01 04:14:32.237 [main] INFO  com.library.dao.BookDao - Book saved: Fiction Insights Vol. 106
2026-07-01 04:14:32.239 [main] INFO  com.library.dao.BookDao - Book saved: Biography Insights Vol. 107
2026-07-01 04:14:32.243 [main] INFO  com.library.dao.BookDao - Book saved: Mathematics Insights Vol. 108
2026-07-01 04:14:32.244 [main] INFO  com.library.dao.BookDao - Book saved: Fiction Insights Vol. 109
2026-07-01 04:14:32.247 [main] INFO  com.library.dao.BookDao - Book saved: Philosophy Insights Vol. 110
2026-07-01 04:14:32.249 [main] INFO  com.library.dao.BookDao - Book saved: Mystery Insights Vol. 111
2026-07-01 04:14:32.251 [main] INFO  com.library.dao.BookDao - Book saved: Technology Insights Vol. 112
2026-07-01 04:14:32.254 [main] INFO  com.library.dao.BookDao - Book saved: Mystery Insights Vol. 113
2026-07-01 04:14:32.256 [main] INFO  com.library.dao.BookDao - Book saved: History Insights Vol. 114
2026-07-01 04:14:32.259 [main] INFO  com.library.dao.BookDao - Book saved: Biography Insights Vol. 115
2026-07-01 04:14:32.260 [main] INFO  com.library.dao.BookDao - Book saved: Self-Help Insights Vol. 116
2026-07-01 04:14:32.263 [main] INFO  com.library.dao.BookDao - Book saved: Philosophy Insights Vol. 117
2026-07-01 04:14:32.268 [main] INFO  com.library.dao.BookDao - Book saved: Biography Insights Vol. 118
2026-07-01 04:14:32.271 [main] INFO  com.library.dao.BookDao - Book saved: Fantasy Insights Vol. 119
2026-07-01 04:14:32.274 [main] INFO  com.library.dao.BookDao - Book saved: Biography Insights Vol. 120
2026-07-01 04:14:32.277 [main] INFO  com.library.dao.BookDao - Book saved: Philosophy Insights Vol. 121
2026-07-01 04:14:32.280 [main] INFO  com.library.dao.BookDao - Book saved: Mathematics Insights Vol. 122
2026-07-01 04:14:32.282 [main] INFO  com.library.dao.BookDao - Book saved: Philosophy Insights Vol. 123
2026-07-01 04:14:32.285 [main] INFO  com.library.dao.BookDao - Book saved: Science Insights Vol. 124
2026-07-01 04:14:32.292 [main] INFO  com.library.dao.BookDao - Book saved: Self-Help Insights Vol. 125
2026-07-01 04:14:32.295 [main] INFO  com.library.dao.BookDao - Book saved: Fantasy Insights Vol. 126
2026-07-01 04:14:32.297 [main] INFO  com.library.dao.BookDao - Book saved: Science Insights Vol. 127
2026-07-01 04:14:32.303 [main] INFO  com.library.dao.BookDao - Book saved: History Insights Vol. 128
2026-07-01 04:14:32.305 [main] INFO  com.library.dao.BookDao - Book saved: Philosophy Insights Vol. 129
2026-07-01 04:14:32.307 [main] INFO  com.library.dao.BookDao - Book saved: Fantasy Insights Vol. 130
2026-07-01 04:14:32.310 [main] INFO  com.library.dao.BookDao - Book saved: Technology Insights Vol. 131
2026-07-01 04:14:32.312 [main] INFO  com.library.dao.BookDao - Book saved: Fantasy Insights Vol. 132
2026-07-01 04:14:32.314 [main] INFO  com.library.dao.BookDao - Book saved: Self-Help Insights Vol. 133
2026-07-01 04:14:32.317 [main] INFO  com.library.dao.BookDao - Book saved: Fantasy Insights Vol. 134
2026-07-01 04:14:32.320 [main] INFO  com.library.dao.BookDao - Book saved: Mathematics Insights Vol. 135
2026-07-01 04:14:32.322 [main] INFO  com.library.dao.BookDao - Book saved: Technology Insights Vol. 136
2026-07-01 04:14:32.325 [main] INFO  com.library.dao.BookDao - Book saved: Mystery Insights Vol. 137
2026-07-01 04:14:32.329 [main] INFO  com.library.dao.BookDao - Book saved: Science Insights Vol. 138
2026-07-01 04:14:32.332 [main] INFO  com.library.dao.BookDao - Book saved: Mystery Insights Vol. 139
2026-07-01 04:14:32.334 [main] INFO  com.library.dao.BookDao - Book saved: Biography Insights Vol. 140
2026-07-01 04:14:32.337 [main] INFO  com.library.dao.BookDao - Book saved: Mathematics Insights Vol. 141
2026-07-01 04:14:32.340 [main] INFO  com.library.dao.BookDao - Book saved: Mystery Insights Vol. 142
2026-07-01 04:14:32.341 [main] INFO  com.library.dao.BookDao - Book saved: Self-Help Insights Vol. 143
2026-07-01 04:14:32.343 [main] INFO  com.library.dao.BookDao - Book saved: Biography Insights Vol. 144
2026-07-01 04:14:32.346 [main] INFO  com.library.dao.BookDao - Book saved: Mathematics Insights Vol. 145
2026-07-01 04:14:32.348 [main] INFO  com.library.dao.BookDao - Book saved: Mystery Insights Vol. 146
2026-07-01 04:14:32.351 [main] INFO  com.library.dao.BookDao - Book saved: Biography Insights Vol. 147
2026-07-01 04:14:32.353 [main] INFO  com.library.dao.BookDao - Book saved: Mystery Insights Vol. 148
2026-07-01 04:14:32.355 [main] INFO  com.library.dao.BookDao - Book saved: Fantasy Insights Vol. 149
2026-07-01 04:14:32.357 [main] INFO  com.library.dao.BookDao - Book saved: Technology Insights Vol. 150
2026-07-01 04:14:32.360 [main] INFO  com.library.dao.BookDao - Book saved: Philosophy Insights Vol. 151
2026-07-01 04:14:32.363 [main] INFO  com.library.dao.BookDao - Book saved: Science Insights Vol. 152
2026-07-01 04:14:32.364 [main] INFO  com.library.dao.BookDao - Book saved: Biography Insights Vol. 153
2026-07-01 04:14:32.367 [main] INFO  com.library.dao.BookDao - Book saved: Fiction Insights Vol. 154
2026-07-01 04:14:32.369 [main] INFO  com.library.dao.BookDao - Book saved: Biography Insights Vol. 155
2026-07-01 04:14:32.371 [main] INFO  com.library.dao.BookDao - Book saved: Fantasy Insights Vol. 156
2026-07-01 04:14:32.375 [main] INFO  com.library.dao.BookDao - Book saved: Mathematics Insights Vol. 157
2026-07-01 04:14:32.378 [main] INFO  com.library.dao.BookDao - Book saved: Science Insights Vol. 158
2026-07-01 04:14:32.380 [main] INFO  com.library.dao.BookDao - Book saved: Mystery Insights Vol. 159
2026-07-01 04:14:32.382 [main] INFO  com.library.dao.BookDao - Book saved: Biography Insights Vol. 160
2026-07-01 04:14:32.384 [main] INFO  com.library.dao.BookDao - Book saved: Mathematics Insights Vol. 161
2026-07-01 04:14:32.386 [main] INFO  com.library.dao.BookDao - Book saved: Fiction Insights Vol. 162
2026-07-01 04:14:32.388 [main] INFO  com.library.dao.BookDao - Book saved: Fiction Insights Vol. 163
2026-07-01 04:14:32.390 [main] INFO  com.library.dao.BookDao - Book saved: Mathematics Insights Vol. 164
2026-07-01 04:14:32.393 [main] INFO  com.library.dao.BookDao - Book saved: Fantasy Insights Vol. 165
2026-07-01 04:14:32.395 [main] INFO  com.library.dao.BookDao - Book saved: Science Insights Vol. 166
2026-07-01 04:14:32.398 [main] INFO  com.library.dao.BookDao - Book saved: Fantasy Insights Vol. 167
2026-07-01 04:14:32.400 [main] INFO  com.library.dao.BookDao - Book saved: Mystery Insights Vol. 168
2026-07-01 04:14:32.404 [main] INFO  com.library.dao.BookDao - Book saved: Fiction Insights Vol. 169
2026-07-01 04:14:32.407 [main] INFO  com.library.dao.BookDao - Book saved: Mystery Insights Vol. 170
2026-07-01 04:14:32.409 [main] INFO  com.library.dao.BookDao - Book saved: Mystery Insights Vol. 171
2026-07-01 04:14:32.411 [main] INFO  com.library.dao.BookDao - Book saved: Mathematics Insights Vol. 172
2026-07-01 04:14:32.414 [main] INFO  com.library.dao.BookDao - Book saved: History Insights Vol. 173
2026-07-01 04:14:32.416 [main] INFO  com.library.dao.BookDao - Book saved: Fiction Insights Vol. 174
2026-07-01 04:14:32.419 [main] INFO  com.library.dao.BookDao - Book saved: Fiction Insights Vol. 175
2026-07-01 04:14:32.422 [main] INFO  com.library.dao.BookDao - Book saved: Philosophy Insights Vol. 176
2026-07-01 04:14:32.423 [main] INFO  com.library.dao.BookDao - Book saved: History Insights Vol. 177
2026-07-01 04:14:32.426 [main] INFO  com.library.dao.BookDao - Book saved: History Insights Vol. 178
2026-07-01 04:14:32.428 [main] INFO  com.library.dao.BookDao - Book saved: Technology Insights Vol. 179
2026-07-01 04:14:32.430 [main] INFO  com.library.dao.BookDao - Book saved: Technology Insights Vol. 180
2026-07-01 04:14:32.433 [main] INFO  com.library.dao.BookDao - Book saved: Fantasy Insights Vol. 181
2026-07-01 04:14:32.436 [main] INFO  com.library.dao.BookDao - Book saved: Science Insights Vol. 182
2026-07-01 04:14:32.438 [main] INFO  com.library.dao.BookDao - Book saved: Mathematics Insights Vol. 183
2026-07-01 04:14:32.440 [main] INFO  com.library.dao.BookDao - Book saved: Fiction Insights Vol. 184
2026-07-01 04:14:32.442 [main] INFO  com.library.dao.BookDao - Book saved: History Insights Vol. 185
2026-07-01 04:14:32.445 [main] INFO  com.library.dao.BookDao - Book saved: Fiction Insights Vol. 186
2026-07-01 04:14:32.449 [main] INFO  com.library.dao.BookDao - Book saved: Fiction Insights Vol. 187
2026-07-01 04:14:32.452 [main] INFO  com.library.dao.BookDao - Book saved: Mystery Insights Vol. 188
2026-07-01 04:14:32.454 [main] INFO  com.library.dao.BookDao - Book saved: Mystery Insights Vol. 189
2026-07-01 04:14:32.457 [main] INFO  com.library.dao.BookDao - Book saved: Mystery Insights Vol. 190
2026-07-01 04:14:32.461 [main] INFO  com.library.dao.BookDao - Book saved: Fiction Insights Vol. 191
2026-07-01 04:14:32.463 [main] INFO  com.library.dao.BookDao - Book saved: Technology Insights Vol. 192
2026-07-01 04:14:32.465 [main] INFO  com.library.dao.BookDao - Book saved: Fantasy Insights Vol. 193
2026-07-01 04:14:32.467 [main] INFO  com.library.dao.BookDao - Book saved: Fantasy Insights Vol. 194
2026-07-01 04:14:32.468 [main] INFO  com.library.dao.BookDao - Book saved: Self-Help Insights Vol. 195
2026-07-01 04:14:32.471 [main] INFO  com.library.dao.BookDao - Book saved: Science Insights Vol. 196
2026-07-01 04:14:32.473 [main] INFO  com.library.dao.BookDao - Book saved: Fiction Insights Vol. 197
2026-07-01 04:14:32.476 [main] INFO  com.library.dao.BookDao - Book saved: Biography Insights Vol. 198
2026-07-01 04:14:32.477 [main] INFO  com.library.dao.BookDao - Book saved: Fiction Insights Vol. 199
2026-07-01 04:14:32.480 [main] INFO  com.library.dao.BookDao - Book saved: Science Insights Vol. 200
2026-07-01 04:14:32.482 [main] INFO  com.library.dao.BookDao - Book saved: Philosophy Insights Vol. 201
2026-07-01 04:14:32.484 [main] INFO  com.library.dao.BookDao - Book saved: Philosophy Insights Vol. 202
2026-07-01 04:14:32.487 [main] INFO  com.library.dao.BookDao - Book saved: Mystery Insights Vol. 203
2026-07-01 04:14:32.490 [main] INFO  com.library.dao.BookDao - Book saved: Technology Insights Vol. 204
2026-07-01 04:14:32.495 [main] INFO  com.library.dao.BookDao - Book saved: Mystery Insights Vol. 205
2026-07-01 04:14:32.497 [main] INFO  com.library.dao.BookDao - Book saved: Science Insights Vol. 206
2026-07-01 04:14:32.500 [main] INFO  com.library.dao.BookDao - Book saved: Self-Help Insights Vol. 207
2026-07-01 04:14:32.502 [main] INFO  com.library.dao.BookDao - Book saved: Philosophy Insights Vol. 208
2026-07-01 04:14:32.504 [main] INFO  com.library.dao.BookDao - Book saved: Mystery Insights Vol. 209
2026-07-01 04:14:32.506 [main] INFO  com.library.dao.BookDao - Book saved: Science Insights Vol. 210
2026-07-01 04:14:32.508 [main] INFO  com.library.dao.BookDao - Book saved: Technology Insights Vol. 211
2026-07-01 04:14:32.512 [main] INFO  com.library.dao.BookDao - Book saved: Fiction Insights Vol. 212
2026-07-01 04:14:32.515 [main] INFO  com.library.dao.BookDao - Book saved: Biography Insights Vol. 213
2026-07-01 04:14:32.518 [main] INFO  com.library.dao.BookDao - Book saved: Fiction Insights Vol. 214
2026-07-01 04:14:32.527 [main] INFO  com.library.dao.BookDao - Book saved: Technology Insights Vol. 215
2026-07-01 04:14:32.531 [main] INFO  com.library.dao.BookDao - Book saved: Self-Help Insights Vol. 216
2026-07-01 04:14:32.534 [main] INFO  com.library.dao.BookDao - Book saved: Biography Insights Vol. 217
2026-07-01 04:14:32.538 [main] INFO  com.library.dao.BookDao - Book saved: Mathematics Insights Vol. 218
2026-07-01 04:14:32.541 [main] INFO  com.library.dao.BookDao - Book saved: Fantasy Insights Vol. 219
2026-07-01 04:14:32.545 [main] INFO  com.library.dao.BookDao - Book saved: Fantasy Insights Vol. 220
2026-07-01 04:14:32.551 [main] INFO  com.library.dao.BookDao - Book saved: Biography Insights Vol. 221
2026-07-01 04:14:32.555 [main] INFO  com.library.dao.BookDao - Book saved: Technology Insights Vol. 222
2026-07-01 04:14:32.559 [main] INFO  com.library.dao.BookDao - Book saved: Technology Insights Vol. 223
2026-07-01 04:14:32.565 [main] INFO  com.library.dao.BookDao - Book saved: Philosophy Insights Vol. 224
2026-07-01 04:14:32.570 [main] INFO  com.library.dao.BookDao - Book saved: Mathematics Insights Vol. 225
2026-07-01 04:14:32.574 [main] INFO  com.library.dao.BookDao - Book saved: Mystery Insights Vol. 226
2026-07-01 04:14:32.578 [main] INFO  com.library.dao.BookDao - Book saved: Self-Help Insights Vol. 227
2026-07-01 04:14:32.582 [main] INFO  com.library.dao.BookDao - Book saved: Philosophy Insights Vol. 228
2026-07-01 04:14:32.587 [main] INFO  com.library.dao.BookDao - Book saved: Mystery Insights Vol. 229
2026-07-01 04:14:32.591 [main] INFO  com.library.dao.BookDao - Book saved: Fiction Insights Vol. 230
2026-07-01 04:14:32.594 [main] INFO  com.library.dao.BookDao - Book saved: Philosophy Insights Vol. 231
2026-07-01 04:14:32.598 [main] INFO  com.library.dao.BookDao - Book saved: Self-Help Insights Vol. 232
2026-07-01 04:14:32.602 [main] INFO  com.library.dao.BookDao - Book saved: Science Insights Vol. 233
2026-07-01 04:14:32.607 [main] INFO  com.library.dao.BookDao - Book saved: Fiction Insights Vol. 234
2026-07-01 04:14:32.612 [main] INFO  com.library.dao.BookDao - Book saved: Mystery Insights Vol. 235
2026-07-01 04:14:32.616 [main] INFO  com.library.dao.BookDao - Book saved: Fantasy Insights Vol. 236
2026-07-01 04:14:32.620 [main] INFO  com.library.dao.BookDao - Book saved: Mystery Insights Vol. 237
2026-07-01 04:14:32.626 [main] INFO  com.library.dao.BookDao - Book saved: Mathematics Insights Vol. 238
2026-07-01 04:14:32.629 [main] INFO  com.library.dao.BookDao - Book saved: History Insights Vol. 239
2026-07-01 04:14:32.635 [main] INFO  com.library.dao.BookDao - Book saved: History Insights Vol. 240
2026-07-01 04:14:32.640 [main] INFO  com.library.dao.BookDao - Book saved: Fantasy Insights Vol. 241
2026-07-01 04:14:32.644 [main] INFO  com.library.dao.BookDao - Book saved: History Insights Vol. 242
2026-07-01 04:14:32.648 [main] INFO  com.library.dao.BookDao - Book saved: Technology Insights Vol. 243
2026-07-01 04:14:32.651 [main] INFO  com.library.dao.BookDao - Book saved: Science Insights Vol. 244
2026-07-01 04:14:32.656 [main] INFO  com.library.dao.BookDao - Book saved: Self-Help Insights Vol. 245
2026-07-01 04:14:32.659 [main] INFO  com.library.dao.BookDao - Book saved: Mathematics Insights Vol. 246
2026-07-01 04:14:32.664 [main] INFO  com.library.dao.BookDao - Book saved: Self-Help Insights Vol. 247
2026-07-01 04:14:32.668 [main] INFO  com.library.dao.BookDao - Book saved: Fiction Insights Vol. 248
2026-07-01 04:14:32.672 [main] INFO  com.library.dao.BookDao - Book saved: Mystery Insights Vol. 249
2026-07-01 04:14:32.675 [main] INFO  com.library.dao.BookDao - Book saved: Biography Insights Vol. 250
2026-07-01 04:14:32.679 [main] INFO  com.library.dao.BookDao - Book saved: Biography Insights Vol. 251
2026-07-01 04:14:32.682 [main] INFO  com.library.dao.BookDao - Book saved: Mystery Insights Vol. 252
2026-07-01 04:14:32.687 [main] INFO  com.library.dao.BookDao - Book saved: Biography Insights Vol. 253
2026-07-01 04:14:32.691 [main] INFO  com.library.dao.BookDao - Book saved: Fantasy Insights Vol. 254
2026-07-01 04:14:32.695 [main] INFO  com.library.dao.BookDao - Book saved: Technology Insights Vol. 255
2026-07-01 04:14:32.700 [main] INFO  com.library.dao.BookDao - Book saved: Fiction Insights Vol. 256
2026-07-01 04:14:32.702 [main] INFO  com.library.dao.BookDao - Book saved: Mystery Insights Vol. 257
2026-07-01 04:14:32.704 [main] INFO  com.library.dao.BookDao - Book saved: Mystery Insights Vol. 258
2026-07-01 04:14:32.706 [main] INFO  com.library.dao.BookDao - Book saved: Fiction Insights Vol. 259
2026-07-01 04:14:32.708 [main] INFO  com.library.dao.BookDao - Book saved: Mathematics Insights Vol. 260
2026-07-01 04:14:32.712 [main] INFO  com.library.dao.BookDao - Book saved: Biography Insights Vol. 261
2026-07-01 04:14:32.714 [main] INFO  com.library.dao.BookDao - Book saved: Fiction Insights Vol. 262
2026-07-01 04:14:32.717 [main] INFO  com.library.dao.BookDao - Book saved: Fantasy Insights Vol. 263
2026-07-01 04:14:32.719 [main] INFO  com.library.dao.BookDao - Book saved: Fiction Insights Vol. 264
2026-07-01 04:14:32.721 [main] INFO  com.library.dao.BookDao - Book saved: Science Insights Vol. 265
2026-07-01 04:14:32.724 [main] INFO  com.library.dao.BookDao - Book saved: Science Insights Vol. 266
2026-07-01 04:14:32.726 [main] INFO  com.library.dao.BookDao - Book saved: History Insights Vol. 267
2026-07-01 04:14:32.729 [main] INFO  com.library.dao.BookDao - Book saved: Fiction Insights Vol. 268
2026-07-01 04:14:32.732 [main] INFO  com.library.dao.BookDao - Book saved: Fiction Insights Vol. 269
2026-07-01 04:14:32.734 [main] INFO  com.library.dao.BookDao - Book saved: History Insights Vol. 270
2026-07-01 04:14:32.736 [main] INFO  com.library.dao.BookDao - Book saved: Mathematics Insights Vol. 271
2026-07-01 04:14:32.738 [main] INFO  com.library.dao.BookDao - Book saved: Mathematics Insights Vol. 272
2026-07-01 04:14:32.742 [main] INFO  com.library.dao.BookDao - Book saved: Philosophy Insights Vol. 273
2026-07-01 04:14:32.744 [main] INFO  com.library.dao.BookDao - Book saved: Technology Insights Vol. 274
2026-07-01 04:14:32.748 [main] INFO  com.library.dao.BookDao - Book saved: Biography Insights Vol. 275
2026-07-01 04:14:32.750 [main] INFO  com.library.dao.BookDao - Book saved: Fantasy Insights Vol. 276
2026-07-01 04:14:32.752 [main] INFO  com.library.dao.BookDao - Book saved: Philosophy Insights Vol. 277
2026-07-01 04:14:32.754 [main] INFO  com.library.dao.BookDao - Book saved: Mathematics Insights Vol. 278
2026-07-01 04:14:32.756 [main] INFO  com.library.dao.BookDao - Book saved: Technology Insights Vol. 279
2026-07-01 04:14:32.758 [main] INFO  com.library.dao.BookDao - Book saved: Fiction Insights Vol. 280
2026-07-01 04:14:32.760 [main] INFO  com.library.dao.BookDao - Book saved: Fiction Insights Vol. 281
2026-07-01 04:14:32.762 [main] INFO  com.library.dao.BookDao - Book saved: Fiction Insights Vol. 282
2026-07-01 04:14:32.765 [main] INFO  com.library.dao.BookDao - Book saved: Self-Help Insights Vol. 283
2026-07-01 04:14:32.768 [main] INFO  com.library.dao.BookDao - Book saved: Biography Insights Vol. 284
2026-07-01 04:14:32.770 [main] INFO  com.library.dao.BookDao - Book saved: Fiction Insights Vol. 285
2026-07-01 04:14:32.773 [main] INFO  com.library.dao.BookDao - Book saved: History Insights Vol. 286
2026-07-01 04:14:32.775 [main] INFO  com.library.dao.BookDao - Book saved: Science Insights Vol. 287
2026-07-01 04:14:32.778 [main] INFO  com.library.dao.BookDao - Book saved: Technology Insights Vol. 288
2026-07-01 04:14:32.782 [main] INFO  com.library.dao.BookDao - Book saved: Technology Insights Vol. 289
2026-07-01 04:14:32.785 [main] INFO  com.library.dao.BookDao - Book saved: Fiction Insights Vol. 290
2026-07-01 04:14:32.787 [main] INFO  com.library.dao.BookDao - Book saved: Self-Help Insights Vol. 291
2026-07-01 04:14:32.791 [main] INFO  com.library.dao.BookDao - Book saved: Science Insights Vol. 292
2026-07-01 04:14:32.793 [main] INFO  com.library.dao.BookDao - Book saved: Fiction Insights Vol. 293
2026-07-01 04:14:32.796 [main] INFO  com.library.dao.BookDao - Book saved: Mystery Insights Vol. 294
2026-07-01 04:14:32.798 [main] INFO  com.library.dao.BookDao - Book saved: Technology Insights Vol. 295
2026-07-01 04:14:32.801 [main] INFO  com.library.dao.BookDao - Book saved: Mathematics Insights Vol. 296
2026-07-01 04:14:32.806 [main] INFO  com.library.dao.BookDao - Book saved: Fiction Insights Vol. 297
2026-07-01 04:14:32.809 [main] INFO  com.library.dao.BookDao - Book saved: Fantasy Insights Vol. 298
2026-07-01 04:14:32.812 [main] INFO  com.library.dao.BookDao - Book saved: Fantasy Insights Vol. 299
2026-07-01 04:14:32.814 [main] INFO  com.library.dao.BookDao - Book saved: History Insights Vol. 300
2026-07-01 04:14:32.817 [main] INFO  com.library.dao.BookDao - Book saved: Philosophy Insights Vol. 301
2026-07-01 04:14:32.821 [main] INFO  com.library.dao.BookDao - Book saved: Philosophy Insights Vol. 302
2026-07-01 04:14:32.825 [main] INFO  com.library.dao.BookDao - Book saved: Self-Help Insights Vol. 303
2026-07-01 04:14:32.827 [main] INFO  com.library.dao.BookDao - Book saved: Biography Insights Vol. 304
2026-07-01 04:14:32.830 [main] INFO  com.library.dao.BookDao - Book saved: History Insights Vol. 305
2026-07-01 04:14:32.833 [main] INFO  com.library.dao.BookDao - Book saved: Mathematics Insights Vol. 306
2026-07-01 04:14:32.840 [main] INFO  com.library.dao.BookDao - Book saved: Philosophy Insights Vol. 307
2026-07-01 04:14:32.844 [main] INFO  com.library.dao.BookDao - Book saved: Technology Insights Vol. 308
2026-07-01 04:14:32.847 [main] INFO  com.library.dao.BookDao - Book saved: Mystery Insights Vol. 309
2026-07-01 04:14:32.849 [main] INFO  com.library.dao.BookDao - Book saved: Self-Help Insights Vol. 310
2026-07-01 04:14:32.854 [main] INFO  com.library.dao.BookDao - Book saved: Mathematics Insights Vol. 311
2026-07-01 04:14:32.857 [main] INFO  com.library.dao.BookDao - Book saved: Biography Insights Vol. 312
2026-07-01 04:14:32.859 [main] INFO  com.library.dao.BookDao - Book saved: Philosophy Insights Vol. 313
2026-07-01 04:14:32.861 [main] INFO  com.library.dao.BookDao - Book saved: Mystery Insights Vol. 314
2026-07-01 04:14:32.864 [main] INFO  com.library.dao.BookDao - Book saved: Science Insights Vol. 315
2026-07-01 04:14:32.866 [main] INFO  com.library.dao.BookDao - Book saved: Mystery Insights Vol. 316
2026-07-01 04:14:32.869 [main] INFO  com.library.dao.BookDao - Book saved: Biography Insights Vol. 317
2026-07-01 04:14:32.885 [main] INFO  com.library.dao.BookDao - Book saved: Philosophy Insights Vol. 318
2026-07-01 04:14:32.889 [main] INFO  com.library.dao.BookDao - Book saved: Self-Help Insights Vol. 319
2026-07-01 04:14:32.891 [main] INFO  com.library.dao.BookDao - Book saved: Fiction Insights Vol. 320
2026-07-01 04:14:32.895 [main] INFO  com.library.dao.BookDao - Book saved: Philosophy Insights Vol. 321
2026-07-01 04:14:32.896 [main] INFO  com.library.dao.BookDao - Book saved: Fantasy Insights Vol. 322
2026-07-01 04:14:32.899 [main] INFO  com.library.dao.BookDao - Book saved: Biography Insights Vol. 323
2026-07-01 04:14:32.901 [main] INFO  com.library.dao.BookDao - Book saved: Mystery Insights Vol. 324
2026-07-01 04:14:32.904 [main] INFO  com.library.dao.BookDao - Book saved: Fantasy Insights Vol. 325
2026-07-01 04:14:32.906 [main] INFO  com.library.dao.BookDao - Book saved: Technology Insights Vol. 326
2026-07-01 04:14:32.908 [main] INFO  com.library.dao.BookDao - Book saved: Mystery Insights Vol. 327
2026-07-01 04:14:32.910 [main] INFO  com.library.dao.BookDao - Book saved: Fantasy Insights Vol. 328
2026-07-01 04:14:32.913 [main] INFO  com.library.dao.BookDao - Book saved: History Insights Vol. 329
2026-07-01 04:14:32.918 [main] INFO  com.library.dao.BookDao - Book saved: Fantasy Insights Vol. 330
2026-07-01 04:14:32.948 [main] INFO  com.library.dao.BookDao - Book saved: Technology Insights Vol. 331
2026-07-01 04:14:32.951 [main] INFO  com.library.dao.BookDao - Book saved: Biography Insights Vol. 332
2026-07-01 04:14:32.953 [main] INFO  com.library.dao.BookDao - Book saved: Fantasy Insights Vol. 333
2026-07-01 04:14:32.957 [main] INFO  com.library.dao.BookDao - Book saved: Technology Insights Vol. 334
2026-07-01 04:14:32.960 [main] INFO  com.library.dao.BookDao - Book saved: History Insights Vol. 335
2026-07-01 04:14:32.962 [main] INFO  com.library.dao.BookDao - Book saved: Mathematics Insights Vol. 336
2026-07-01 04:14:32.965 [main] INFO  com.library.dao.BookDao - Book saved: Science Insights Vol. 337
2026-07-01 04:14:32.967 [main] INFO  com.library.dao.BookDao - Book saved: Biography Insights Vol. 338
2026-07-01 04:14:32.970 [main] INFO  com.library.dao.BookDao - Book saved: History Insights Vol. 339
2026-07-01 04:14:32.973 [main] INFO  com.library.dao.BookDao - Book saved: Biography Insights Vol. 340
2026-07-01 04:14:32.977 [main] INFO  com.library.dao.BookDao - Book saved: Fiction Insights Vol. 341
2026-07-01 04:14:32.979 [main] INFO  com.library.dao.BookDao - Book saved: Mystery Insights Vol. 342
2026-07-01 04:14:32.981 [main] INFO  com.library.dao.BookDao - Book saved: History Insights Vol. 343
2026-07-01 04:14:32.983 [main] INFO  com.library.dao.BookDao - Book saved: Mathematics Insights Vol. 344
2026-07-01 04:14:32.987 [main] INFO  com.library.dao.BookDao - Book saved: Science Insights Vol. 345
2026-07-01 04:14:32.989 [main] INFO  com.library.dao.BookDao - Book saved: Fantasy Insights Vol. 346
2026-07-01 04:14:32.992 [main] INFO  com.library.dao.BookDao - Book saved: Technology Insights Vol. 347
2026-07-01 04:14:32.994 [main] INFO  com.library.dao.BookDao - Book saved: Self-Help Insights Vol. 348
2026-07-01 04:14:32.997 [main] INFO  com.library.dao.BookDao - Book saved: Mathematics Insights Vol. 349
2026-07-01 04:14:33.001 [main] INFO  com.library.dao.BookDao - Book saved: Self-Help Insights Vol. 350
2026-07-01 04:14:33.003 [main] INFO  com.library.dao.BookDao - Book saved: History Insights Vol. 351
2026-07-01 04:14:33.007 [main] INFO  com.library.dao.BookDao - Book saved: Self-Help Insights Vol. 352
2026-07-01 04:14:33.009 [main] INFO  com.library.dao.BookDao - Book saved: Philosophy Insights Vol. 353
2026-07-01 04:14:33.011 [main] INFO  com.library.dao.BookDao - Book saved: Biography Insights Vol. 354
2026-07-01 04:14:33.013 [main] INFO  com.library.dao.BookDao - Book saved: Science Insights Vol. 355
2026-07-01 04:14:33.014 [main] INFO  com.library.dao.BookDao - Book saved: Philosophy Insights Vol. 356
2026-07-01 04:14:33.017 [main] INFO  com.library.dao.BookDao - Book saved: Biography Insights Vol. 357
2026-07-01 04:14:33.018 [main] INFO  com.library.dao.BookDao - Book saved: Biography Insights Vol. 358
2026-07-01 04:14:33.022 [main] INFO  com.library.dao.BookDao - Book saved: Fantasy Insights Vol. 359
2026-07-01 04:14:33.025 [main] INFO  com.library.dao.BookDao - Book saved: Biography Insights Vol. 360
2026-07-01 04:14:33.028 [main] INFO  com.library.dao.BookDao - Book saved: Mystery Insights Vol. 361
2026-07-01 04:14:33.029 [main] INFO  com.library.dao.BookDao - Book saved: Mystery Insights Vol. 362
2026-07-01 04:14:33.032 [main] INFO  com.library.dao.BookDao - Book saved: Self-Help Insights Vol. 363
2026-07-01 04:14:33.034 [main] INFO  com.library.dao.BookDao - Book saved: Science Insights Vol. 364
2026-07-01 04:14:33.036 [main] INFO  com.library.dao.BookDao - Book saved: Mathematics Insights Vol. 365
2026-07-01 04:14:33.038 [main] INFO  com.library.dao.BookDao - Book saved: Fiction Insights Vol. 366
2026-07-01 04:14:33.040 [main] INFO  com.library.dao.BookDao - Book saved: Philosophy Insights Vol. 367
2026-07-01 04:14:33.042 [main] INFO  com.library.dao.BookDao - Book saved: Biography Insights Vol. 368
2026-07-01 04:14:33.047 [main] INFO  com.library.dao.BookDao - Book saved: Mystery Insights Vol. 369
2026-07-01 04:14:33.051 [main] INFO  com.library.dao.BookDao - Book saved: Philosophy Insights Vol. 370
2026-07-01 04:14:33.053 [main] INFO  com.library.dao.BookDao - Book saved: Mathematics Insights Vol. 371
2026-07-01 04:14:33.056 [main] INFO  com.library.dao.BookDao - Book saved: Biography Insights Vol. 372
2026-07-01 04:14:33.059 [main] INFO  com.library.dao.BookDao - Book saved: Technology Insights Vol. 373
2026-07-01 04:14:33.061 [main] INFO  com.library.dao.BookDao - Book saved: Self-Help Insights Vol. 374
2026-07-01 04:14:33.063 [main] INFO  com.library.dao.BookDao - Book saved: Self-Help Insights Vol. 375
2026-07-01 04:14:33.065 [main] INFO  com.library.dao.BookDao - Book saved: Self-Help Insights Vol. 376
2026-07-01 04:14:33.067 [main] INFO  com.library.dao.BookDao - Book saved: Mathematics Insights Vol. 377
2026-07-01 04:14:33.070 [main] INFO  com.library.dao.BookDao - Book saved: Self-Help Insights Vol. 378
2026-07-01 04:14:33.074 [main] INFO  com.library.dao.BookDao - Book saved: Mystery Insights Vol. 379
2026-07-01 04:14:33.078 [main] INFO  com.library.dao.BookDao - Book saved: Fantasy Insights Vol. 380
2026-07-01 04:14:33.081 [main] INFO  com.library.dao.BookDao - Book saved: Self-Help Insights Vol. 381
2026-07-01 04:14:33.091 [main] INFO  com.library.dao.BookDao - Book saved: Fiction Insights Vol. 382
2026-07-01 04:14:33.097 [main] INFO  com.library.dao.BookDao - Book saved: Philosophy Insights Vol. 383
2026-07-01 04:14:33.102 [main] INFO  com.library.dao.BookDao - Book saved: Fiction Insights Vol. 384
2026-07-01 04:14:33.105 [main] INFO  com.library.dao.BookDao - Book saved: Fantasy Insights Vol. 385
2026-07-01 04:14:33.108 [main] INFO  com.library.dao.BookDao - Book saved: Self-Help Insights Vol. 386
2026-07-01 04:14:33.111 [main] INFO  com.library.dao.BookDao - Book saved: Philosophy Insights Vol. 387
2026-07-01 04:14:33.113 [main] INFO  com.library.dao.BookDao - Book saved: Fantasy Insights Vol. 388
2026-07-01 04:14:33.117 [main] INFO  com.library.dao.BookDao - Book saved: History Insights Vol. 389
2026-07-01 04:14:33.120 [main] INFO  com.library.dao.BookDao - Book saved: Mystery Insights Vol. 390
2026-07-01 04:14:33.122 [main] INFO  com.library.dao.BookDao - Book saved: Technology Insights Vol. 391
2026-07-01 04:14:33.124 [main] INFO  com.library.dao.BookDao - Book saved: Fiction Insights Vol. 392
2026-07-01 04:14:33.126 [main] INFO  com.library.dao.BookDao - Book saved: Self-Help Insights Vol. 393
2026-07-01 04:14:33.128 [main] INFO  com.library.dao.BookDao - Book saved: Fantasy Insights Vol. 394
2026-07-01 04:14:33.130 [main] INFO  com.library.dao.BookDao - Book saved: History Insights Vol. 395
2026-07-01 04:14:33.131 [main] INFO  com.library.dao.BookDao - Book saved: Philosophy Insights Vol. 396
2026-07-01 04:14:33.134 [main] INFO  com.library.dao.BookDao - Book saved: Science Insights Vol. 397
2026-07-01 04:14:33.136 [main] INFO  com.library.dao.BookDao - Book saved: Fantasy Insights Vol. 398
2026-07-01 04:14:33.141 [main] INFO  com.library.dao.BookDao - Book saved: Mathematics Insights Vol. 399
2026-07-01 04:14:33.143 [main] INFO  com.library.dao.BookDao - Book saved: Mathematics Insights Vol. 400
2026-07-01 04:14:33.147 [main] INFO  com.library.dao.BookDao - Book saved: Fiction Insights Vol. 401
2026-07-01 04:14:33.151 [main] INFO  com.library.dao.BookDao - Book saved: Philosophy Insights Vol. 402
2026-07-01 04:14:33.153 [main] INFO  com.library.dao.BookDao - Book saved: Mystery Insights Vol. 403
2026-07-01 04:14:33.156 [main] INFO  com.library.dao.BookDao - Book saved: Biography Insights Vol. 404
2026-07-01 04:14:33.159 [main] INFO  com.library.dao.BookDao - Book saved: Fiction Insights Vol. 405
2026-07-01 04:14:33.162 [main] INFO  com.library.dao.BookDao - Book saved: Mystery Insights Vol. 406
2026-07-01 04:14:33.164 [main] INFO  com.library.dao.BookDao - Book saved: Fantasy Insights Vol. 407
2026-07-01 04:14:33.167 [main] INFO  com.library.dao.BookDao - Book saved: Self-Help Insights Vol. 408
2026-07-01 04:14:33.170 [main] INFO  com.library.dao.BookDao - Book saved: Self-Help Insights Vol. 409
2026-07-01 04:14:33.172 [main] INFO  com.library.dao.BookDao - Book saved: Science Insights Vol. 410
2026-07-01 04:14:33.176 [main] INFO  com.library.dao.BookDao - Book saved: Mystery Insights Vol. 411
2026-07-01 04:14:33.179 [main] INFO  com.library.dao.BookDao - Book saved: Philosophy Insights Vol. 412
2026-07-01 04:14:33.182 [main] INFO  com.library.dao.BookDao - Book saved: History Insights Vol. 413
2026-07-01 04:14:33.187 [main] INFO  com.library.dao.BookDao - Book saved: Mathematics Insights Vol. 414
2026-07-01 04:14:33.190 [main] INFO  com.library.dao.BookDao - Book saved: Mystery Insights Vol. 415
2026-07-01 04:14:33.191 [main] INFO  com.library.dao.BookDao - Book saved: Philosophy Insights Vol. 416
2026-07-01 04:14:33.193 [main] INFO  com.library.dao.BookDao - Book saved: Mathematics Insights Vol. 417
2026-07-01 04:14:33.196 [main] INFO  com.library.dao.BookDao - Book saved: Self-Help Insights Vol. 418
2026-07-01 04:14:33.198 [main] INFO  com.library.dao.BookDao - Book saved: Mathematics Insights Vol. 419
2026-07-01 04:14:33.200 [main] INFO  com.library.dao.BookDao - Book saved: Mystery Insights Vol. 420
2026-07-01 04:14:33.202 [main] INFO  com.library.dao.BookDao - Book saved: Fiction Insights Vol. 421
2026-07-01 04:14:33.204 [main] INFO  com.library.dao.BookDao - Book saved: Self-Help Insights Vol. 422
2026-07-01 04:14:33.206 [main] INFO  com.library.dao.BookDao - Book saved: Biography Insights Vol. 423
2026-07-01 04:14:33.207 [main] INFO  com.library.dao.BookDao - Book saved: History Insights Vol. 424
2026-07-01 04:14:33.209 [main] INFO  com.library.dao.BookDao - Book saved: History Insights Vol. 425
2026-07-01 04:14:33.211 [main] INFO  com.library.dao.BookDao - Book saved: Self-Help Insights Vol. 426
2026-07-01 04:14:33.212 [main] INFO  com.library.dao.BookDao - Book saved: Mystery Insights Vol. 427
2026-07-01 04:14:33.215 [main] INFO  com.library.dao.BookDao - Book saved: Fiction Insights Vol. 428
2026-07-01 04:14:33.218 [main] INFO  com.library.dao.BookDao - Book saved: Mathematics Insights Vol. 429
2026-07-01 04:14:33.220 [main] INFO  com.library.dao.BookDao - Book saved: History Insights Vol. 430
2026-07-01 04:14:33.222 [main] INFO  com.library.dao.BookDao - Book saved: Mystery Insights Vol. 431
2026-07-01 04:14:33.224 [main] INFO  com.library.dao.BookDao - Book saved: Science Insights Vol. 432
2026-07-01 04:14:33.226 [main] INFO  com.library.dao.BookDao - Book saved: Mystery Insights Vol. 433
2026-07-01 04:14:33.230 [main] INFO  com.library.dao.BookDao - Book saved: Technology Insights Vol. 434
2026-07-01 04:14:33.232 [main] INFO  com.library.dao.BookDao - Book saved: Science Insights Vol. 435
2026-07-01 04:14:33.235 [main] INFO  com.library.dao.BookDao - Book saved: Mystery Insights Vol. 436
2026-07-01 04:14:33.239 [main] INFO  com.library.dao.BookDao - Book saved: Mystery Insights Vol. 437
2026-07-01 04:14:33.240 [main] INFO  com.library.dao.BookDao - Book saved: Fiction Insights Vol. 438
2026-07-01 04:14:33.242 [main] INFO  com.library.dao.BookDao - Book saved: Self-Help Insights Vol. 439
2026-07-01 04:14:33.244 [main] INFO  com.library.dao.BookDao - Book saved: Philosophy Insights Vol. 440
2026-07-01 04:14:33.246 [main] INFO  com.library.dao.BookDao - Book saved: Mathematics Insights Vol. 441
2026-07-01 04:14:33.248 [main] INFO  com.library.dao.BookDao - Book saved: Mystery Insights Vol. 442
2026-07-01 04:14:33.251 [main] INFO  com.library.dao.BookDao - Book saved: Technology Insights Vol. 443
2026-07-01 04:14:33.253 [main] INFO  com.library.dao.BookDao - Book saved: Fantasy Insights Vol. 444
2026-07-01 04:14:33.260 [main] INFO  com.library.dao.BookDao - Book saved: Technology Insights Vol. 445
2026-07-01 04:14:33.261 [main] INFO  com.library.dao.BookDao - Book saved: Philosophy Insights Vol. 446
2026-07-01 04:14:33.264 [main] INFO  com.library.dao.BookDao - Book saved: Science Insights Vol. 447
2026-07-01 04:14:33.266 [main] INFO  com.library.dao.BookDao - Book saved: Fantasy Insights Vol. 448
2026-07-01 04:14:33.270 [main] INFO  com.library.dao.BookDao - Book saved: Fantasy Insights Vol. 449
2026-07-01 04:14:33.273 [main] INFO  com.library.dao.BookDao - Book saved: History Insights Vol. 450
2026-07-01 04:14:33.274 [main] INFO  com.library.dao.BookDao - Book saved: Fiction Insights Vol. 451
2026-07-01 04:14:33.276 [main] INFO  com.library.dao.BookDao - Book saved: Self-Help Insights Vol. 452
2026-07-01 04:14:33.279 [main] INFO  com.library.dao.BookDao - Book saved: Science Insights Vol. 453
2026-07-01 04:14:33.282 [main] INFO  com.library.dao.BookDao - Book saved: Self-Help Insights Vol. 454
2026-07-01 04:14:33.284 [main] INFO  com.library.dao.BookDao - Book saved: Science Insights Vol. 455
2026-07-01 04:14:33.287 [main] INFO  com.library.dao.BookDao - Book saved: Self-Help Insights Vol. 456
2026-07-01 04:14:33.290 [main] INFO  com.library.dao.BookDao - Book saved: Science Insights Vol. 457
2026-07-01 04:14:33.294 [main] INFO  com.library.dao.BookDao - Book saved: Philosophy Insights Vol. 458
2026-07-01 04:14:33.296 [main] INFO  com.library.dao.BookDao - Book saved: Technology Insights Vol. 459
2026-07-01 04:14:33.299 [main] INFO  com.library.dao.BookDao - Book saved: Mathematics Insights Vol. 460
2026-07-01 04:14:33.302 [main] INFO  com.library.dao.BookDao - Book saved: History Insights Vol. 461
2026-07-01 04:14:33.305 [main] INFO  com.library.dao.BookDao - Book saved: Technology Insights Vol. 462
2026-07-01 04:14:33.308 [main] INFO  com.library.dao.BookDao - Book saved: Biography Insights Vol. 463
2026-07-01 04:14:33.311 [main] INFO  com.library.dao.BookDao - Book saved: Mystery Insights Vol. 464
2026-07-01 04:14:33.314 [main] INFO  com.library.dao.BookDao - Book saved: Self-Help Insights Vol. 465
2026-07-01 04:14:33.319 [main] INFO  com.library.dao.BookDao - Book saved: Mathematics Insights Vol. 466
2026-07-01 04:14:33.322 [main] INFO  com.library.dao.BookDao - Book saved: Mystery Insights Vol. 467
2026-07-01 04:14:33.326 [main] INFO  com.library.dao.BookDao - Book saved: Science Insights Vol. 468
2026-07-01 04:14:33.328 [main] INFO  com.library.dao.BookDao - Book saved: Fiction Insights Vol. 469
2026-07-01 04:14:33.332 [main] INFO  com.library.dao.BookDao - Book saved: History Insights Vol. 470
2026-07-01 04:14:33.334 [main] INFO  com.library.dao.BookDao - Book saved: Fantasy Insights Vol. 471
2026-07-01 04:14:33.338 [main] INFO  com.library.dao.BookDao - Book saved: Mystery Insights Vol. 472
2026-07-01 04:14:33.340 [main] INFO  com.library.dao.BookDao - Book saved: Mystery Insights Vol. 473
2026-07-01 04:14:33.343 [main] INFO  com.library.dao.BookDao - Book saved: History Insights Vol. 474
2026-07-01 04:14:33.345 [main] INFO  com.library.dao.BookDao - Book saved: Fiction Insights Vol. 475
2026-07-01 04:14:33.349 [main] INFO  com.library.dao.BookDao - Book saved: Science Insights Vol. 476
2026-07-01 04:14:33.351 [main] INFO  com.library.dao.BookDao - Book saved: Technology Insights Vol. 477
2026-07-01 04:14:33.352 [main] INFO  com.library.dao.BookDao - Book saved: Fantasy Insights Vol. 478
2026-07-01 04:14:33.355 [main] INFO  com.library.dao.BookDao - Book saved: Technology Insights Vol. 479
2026-07-01 04:14:33.357 [main] INFO  com.library.dao.BookDao - Book saved: Mathematics Insights Vol. 480
2026-07-01 04:14:33.359 [main] INFO  com.library.dao.BookDao - Book saved: Fantasy Insights Vol. 481
2026-07-01 04:14:33.362 [main] INFO  com.library.dao.BookDao - Book saved: Philosophy Insights Vol. 482
2026-07-01 04:14:33.365 [main] INFO  com.library.dao.BookDao - Book saved: Technology Insights Vol. 483
2026-07-01 04:14:33.369 [main] INFO  com.library.dao.BookDao - Book saved: Fiction Insights Vol. 484
2026-07-01 04:14:33.372 [main] INFO  com.library.dao.BookDao - Book saved: Technology Insights Vol. 485
2026-07-01 04:14:33.377 [main] INFO  com.library.dao.BookDao - Book saved: Biography Insights Vol. 486
2026-07-01 04:14:33.379 [main] INFO  com.library.dao.BookDao - Book saved: Science Insights Vol. 487
2026-07-01 04:14:33.384 [main] INFO  com.library.dao.BookDao - Book saved: History Insights Vol. 488
2026-07-01 04:14:33.388 [main] INFO  com.library.dao.BookDao - Book saved: Fantasy Insights Vol. 489
2026-07-01 04:14:33.390 [main] INFO  com.library.dao.BookDao - Book saved: History Insights Vol. 490
2026-07-01 04:14:33.394 [main] INFO  com.library.dao.BookDao - Book saved: Biography Insights Vol. 491
2026-07-01 04:14:33.399 [main] INFO  com.library.dao.BookDao - Book saved: Self-Help Insights Vol. 492
2026-07-01 04:14:33.404 [main] INFO  com.library.dao.BookDao - Book saved: Self-Help Insights Vol. 493
2026-07-01 04:14:33.408 [main] INFO  com.library.dao.BookDao - Book saved: Mystery Insights Vol. 494
2026-07-01 04:14:33.413 [main] INFO  com.library.dao.BookDao - Book saved: Biography Insights Vol. 495
2026-07-01 04:14:33.417 [main] INFO  com.library.dao.BookDao - Book saved: Fiction Insights Vol. 496
2026-07-01 04:14:33.421 [main] INFO  com.library.dao.BookDao - Book saved: Science Insights Vol. 497
2026-07-01 04:14:33.424 [main] INFO  com.library.dao.BookDao - Book saved: Philosophy Insights Vol. 498
2026-07-01 04:14:33.426 [main] INFO  com.library.dao.BookDao - Book saved: History Insights Vol. 499
2026-07-01 04:14:33.429 [main] INFO  com.library.dao.BookDao - Book saved: Biography Insights Vol. 500
2026-07-01 04:14:33.430 [main] INFO  com.library.util.DataSeeder - Seeded 500 books.
2026-07-01 04:14:33.431 [main] INFO  com.library.util.DataSeeder - Seeding 120 demo members...
2026-07-01 04:14:33.468 [main] INFO  com.library.dao.MemberDao - Member registered: Priya Rao (MEM273455)
2026-07-01 04:14:33.476 [main] INFO  com.library.dao.MemberDao - Member registered: Sai Menon (MEM273468)
2026-07-01 04:14:33.481 [main] INFO  com.library.dao.MemberDao - Member registered: Kabir Reddy (MEM273478)
2026-07-01 04:14:33.484 [main] INFO  com.library.dao.MemberDao - Member registered: Ishaan Nair (MEM273481)
2026-07-01 04:14:33.491 [main] INFO  com.library.dao.MemberDao - Member registered: Sai Nair (MEM273485)
2026-07-01 04:14:33.497 [main] INFO  com.library.dao.MemberDao - Member registered: Sneha Mehta (MEM273492)
2026-07-01 04:14:33.502 [main] INFO  com.library.dao.MemberDao - Member registered: Sai Mehta (MEM273497)
2026-07-01 04:14:33.509 [main] INFO  com.library.dao.MemberDao - Member registered: Sneha Verma (MEM273502)
2026-07-01 04:14:33.515 [main] INFO  com.library.dao.MemberDao - Member registered: Ananya Verma (MEM273510)
2026-07-01 04:14:33.518 [main] INFO  com.library.dao.MemberDao - Member registered: Vivaan Nair (MEM273515)
2026-07-01 04:14:33.521 [main] INFO  com.library.dao.MemberDao - Member registered: Rohan Menon (MEM273519)
2026-07-01 04:14:33.525 [main] INFO  com.library.dao.MemberDao - Member registered: Sneha Sharma (MEM273522)
2026-07-01 04:14:33.528 [main] INFO  com.library.dao.MemberDao - Member registered: Rohan Chowdhury (MEM273525)
2026-07-01 04:14:33.530 [main] INFO  com.library.dao.MemberDao - Member registered: Ishaan Mehta (MEM273528)
2026-07-01 04:14:33.532 [main] INFO  com.library.dao.MemberDao - Member registered: Meera Gupta (MEM273530)
2026-07-01 04:14:33.538 [main] INFO  com.library.dao.MemberDao - Member registered: Sneha Chowdhury (MEM273534)
2026-07-01 04:14:33.540 [main] INFO  com.library.dao.MemberDao - Member registered: Ananya Rao (MEM273538)
2026-07-01 04:14:33.542 [main] INFO  com.library.dao.MemberDao - Member registered: Sai Kumar (MEM273540)
2026-07-01 04:14:33.544 [main] INFO  com.library.dao.MemberDao - Member registered: Ishaan Gupta (MEM273542)
2026-07-01 04:14:33.546 [main] INFO  com.library.dao.MemberDao - Member registered: Sneha Chowdhury (MEM273544)
2026-07-01 04:14:33.548 [main] INFO  com.library.dao.MemberDao - Member registered: Ishaan Chowdhury (MEM273546)
2026-07-01 04:14:33.551 [main] INFO  com.library.dao.MemberDao - Member registered: Sneha Iyer (MEM273548)
2026-07-01 04:14:33.553 [main] INFO  com.library.dao.MemberDao - Member registered: Aarav Menon (MEM273551)
2026-07-01 04:14:33.555 [main] INFO  com.library.dao.MemberDao - Member registered: Priya Verma (MEM273553)
2026-07-01 04:14:33.556 [main] INFO  com.library.dao.MemberDao - Member registered: Sneha Nair (MEM273555)
2026-07-01 04:14:33.559 [main] INFO  com.library.dao.MemberDao - Member registered: Neha Kumar (MEM273557)
2026-07-01 04:14:33.561 [main] INFO  com.library.dao.MemberDao - Member registered: Aarav Rao (MEM273559)
2026-07-01 04:14:33.563 [main] INFO  com.library.dao.MemberDao - Member registered: Aarav Menon (MEM273561)
2026-07-01 04:14:33.566 [main] INFO  com.library.dao.MemberDao - Member registered: Ananya Iyer (MEM273564)
2026-07-01 04:14:33.568 [main] INFO  com.library.dao.MemberDao - Member registered: Arjun Reddy (MEM273566)
2026-07-01 04:14:33.569 [main] INFO  com.library.dao.MemberDao - Member registered: Ishaan Nair (MEM273568)
2026-07-01 04:14:33.571 [main] INFO  com.library.dao.MemberDao - Member registered: Kabir Chowdhury (MEM273570)
2026-07-01 04:14:33.573 [main] INFO  com.library.dao.MemberDao - Member registered: Arjun Reddy (MEM273571)
2026-07-01 04:14:33.575 [main] INFO  com.library.dao.MemberDao - Member registered: Kabir Nair (MEM273573)
2026-07-01 04:14:33.578 [main] INFO  com.library.dao.MemberDao - Member registered: Ananya Das (MEM273575)
2026-07-01 04:14:33.580 [main] INFO  com.library.dao.MemberDao - Member registered: Sneha Mehta (MEM273578)
2026-07-01 04:14:33.583 [main] INFO  com.library.dao.MemberDao - Member registered: Ishaan Das (MEM273580)
2026-07-01 04:14:33.586 [main] INFO  com.library.dao.MemberDao - Member registered: Meera Iyer (MEM273584)
2026-07-01 04:14:33.589 [main] INFO  com.library.dao.MemberDao - Member registered: Vivaan Rao (MEM273587)
2026-07-01 04:14:33.591 [main] INFO  com.library.dao.MemberDao - Member registered: Aarav Mehta (MEM273589)
2026-07-01 04:14:33.593 [main] INFO  com.library.dao.MemberDao - Member registered: Rohan Rao (MEM273591)
2026-07-01 04:14:33.595 [main] INFO  com.library.dao.MemberDao - Member registered: Arjun Das (MEM273593)
2026-07-01 04:14:33.597 [main] INFO  com.library.dao.MemberDao - Member registered: Ishaan Iyer (MEM273595)
2026-07-01 04:14:33.599 [main] INFO  com.library.dao.MemberDao - Member registered: Aditya Chowdhury (MEM273597)
2026-07-01 04:14:33.601 [main] INFO  com.library.dao.MemberDao - Member registered: Meera Gupta (MEM273599)
2026-07-01 04:14:33.603 [main] INFO  com.library.dao.MemberDao - Member registered: Riya Sharma (MEM273601)
2026-07-01 04:14:33.606 [main] INFO  com.library.dao.MemberDao - Member registered: Riya Mehta (MEM273603)
2026-07-01 04:14:33.608 [main] INFO  com.library.dao.MemberDao - Member registered: Rohan Iyer (MEM273606)
2026-07-01 04:14:33.610 [main] INFO  com.library.dao.MemberDao - Member registered: Priya Gupta (MEM273608)
2026-07-01 04:14:33.612 [main] INFO  com.library.dao.MemberDao - Member registered: Neha Mehta (MEM273610)
2026-07-01 04:14:33.613 [main] INFO  com.library.dao.MemberDao - Member registered: Neha Das (MEM273612)
2026-07-01 04:14:33.615 [main] INFO  com.library.dao.MemberDao - Member registered: Arjun Rao (MEM273613)
2026-07-01 04:14:33.616 [main] INFO  com.library.dao.MemberDao - Member registered: Aditya Nair (MEM273615)
2026-07-01 04:14:33.618 [main] INFO  com.library.dao.MemberDao - Member registered: Meera Sharma (MEM273617)
2026-07-01 04:14:33.620 [main] INFO  com.library.dao.MemberDao - Member registered: Rohan Iyer (MEM273618)
2026-07-01 04:14:33.623 [main] INFO  com.library.dao.MemberDao - Member registered: Neha Das (MEM273621)
2026-07-01 04:14:33.625 [main] INFO  com.library.dao.MemberDao - Member registered: Sai Reddy (MEM273623)
2026-07-01 04:14:33.628 [main] INFO  com.library.dao.MemberDao - Member registered: Rohan Kumar (MEM273626)
2026-07-01 04:14:33.630 [main] INFO  com.library.dao.MemberDao - Member registered: Arjun Gupta (MEM273629)
2026-07-01 04:14:33.632 [main] INFO  com.library.dao.MemberDao - Member registered: Ishaan Mehta (MEM273630)
2026-07-01 04:14:33.635 [main] INFO  com.library.dao.MemberDao - Member registered: Vivaan Rao (MEM273632)
2026-07-01 04:14:33.637 [main] INFO  com.library.dao.MemberDao - Member registered: Neha Rao (MEM273635)
2026-07-01 04:14:33.639 [main] INFO  com.library.dao.MemberDao - Member registered: Aditya Menon (MEM273637)
2026-07-01 04:14:33.642 [main] INFO  com.library.dao.MemberDao - Member registered: Ananya Menon (MEM273639)
2026-07-01 04:14:33.644 [main] INFO  com.library.dao.MemberDao - Member registered: Priya Gupta (MEM273642)
2026-07-01 04:14:33.645 [main] INFO  com.library.dao.MemberDao - Member registered: Priya Iyer (MEM273644)
2026-07-01 04:14:33.647 [main] INFO  com.library.dao.MemberDao - Member registered: Riya Verma (MEM273645)
2026-07-01 04:14:33.651 [main] INFO  com.library.dao.MemberDao - Member registered: Priya Verma (MEM273647)
2026-07-01 04:14:33.652 [main] INFO  com.library.dao.MemberDao - Member registered: Aarav Nair (MEM273651)
2026-07-01 04:14:33.654 [main] INFO  com.library.dao.MemberDao - Member registered: Sneha Mehta (MEM273652)
2026-07-01 04:14:33.656 [main] INFO  com.library.dao.MemberDao - Member registered: Priya Rao (MEM273654)
2026-07-01 04:14:33.658 [main] INFO  com.library.dao.MemberDao - Member registered: Neha Gupta (MEM273656)
2026-07-01 04:14:33.659 [main] INFO  com.library.dao.MemberDao - Member registered: Kabir Iyer (MEM273658)
2026-07-01 04:14:33.661 [main] INFO  com.library.dao.MemberDao - Member registered: Riya Rao (MEM273659)
2026-07-01 04:14:33.664 [main] INFO  com.library.dao.MemberDao - Member registered: Sneha Reddy (MEM273661)
2026-07-01 04:14:33.665 [main] INFO  com.library.dao.MemberDao - Member registered: Neha Sharma (MEM273664)
2026-07-01 04:14:33.667 [main] INFO  com.library.dao.MemberDao - Member registered: Diya Sharma (MEM273665)
2026-07-01 04:14:33.670 [main] INFO  com.library.dao.MemberDao - Member registered: Kabir Kumar (MEM273667)
2026-07-01 04:14:33.672 [main] INFO  com.library.dao.MemberDao - Member registered: Aditya Iyer (MEM273670)
2026-07-01 04:14:33.674 [main] INFO  com.library.dao.MemberDao - Member registered: Sai Nair (MEM273672)
2026-07-01 04:14:33.676 [main] INFO  com.library.dao.MemberDao - Member registered: Priya Rao (MEM273674)
2026-07-01 04:14:33.678 [main] INFO  com.library.dao.MemberDao - Member registered: Sneha Chowdhury (MEM273676)
2026-07-01 04:14:33.680 [main] INFO  com.library.dao.MemberDao - Member registered: Ananya Nair (MEM273678)
2026-07-01 04:14:33.682 [main] INFO  com.library.dao.MemberDao - Member registered: Riya Gupta (MEM273680)
2026-07-01 04:14:33.683 [main] INFO  com.library.dao.MemberDao - Member registered: Sneha Das (MEM273682)
2026-07-01 04:14:33.685 [main] INFO  com.library.dao.MemberDao - Member registered: Priya Verma (MEM273684)
2026-07-01 04:14:33.687 [main] INFO  com.library.dao.MemberDao - Member registered: Arjun Reddy (MEM273685)
2026-07-01 04:14:33.690 [main] INFO  com.library.dao.MemberDao - Member registered: Aarav Chowdhury (MEM273687)
2026-07-01 04:14:33.693 [main] INFO  com.library.dao.MemberDao - Member registered: Sneha Rao (MEM273691)
2026-07-01 04:14:33.695 [main] INFO  com.library.dao.MemberDao - Member registered: Ananya Chowdhury (MEM273693)
2026-07-01 04:14:33.696 [main] INFO  com.library.dao.MemberDao - Member registered: Sai Mehta (MEM273695)
2026-07-01 04:14:33.699 [main] INFO  com.library.dao.MemberDao - Member registered: Meera Rao (MEM273697)
2026-07-01 04:14:33.700 [main] INFO  com.library.dao.MemberDao - Member registered: Ishaan Mehta (MEM273699)
2026-07-01 04:14:33.703 [main] INFO  com.library.dao.MemberDao - Member registered: Arjun Reddy (MEM273701)
2026-07-01 04:14:33.704 [main] INFO  com.library.dao.MemberDao - Member registered: Ishaan Rao (MEM273703)
2026-07-01 04:14:33.706 [main] INFO  com.library.dao.MemberDao - Member registered: Sneha Sharma (MEM273704)
2026-07-01 04:14:33.708 [main] INFO  com.library.dao.MemberDao - Member registered: Meera Iyer (MEM273706)
2026-07-01 04:14:33.710 [main] INFO  com.library.dao.MemberDao - Member registered: Kabir Kumar (MEM273708)
2026-07-01 04:14:33.713 [main] INFO  com.library.dao.MemberDao - Member registered: Priya Chowdhury (MEM273710)
2026-07-01 04:14:33.715 [main] INFO  com.library.dao.MemberDao - Member registered: Aditya Menon (MEM273713)
2026-07-01 04:14:33.716 [main] INFO  com.library.dao.MemberDao - Member registered: Ishaan Chowdhury (MEM273715)
2026-07-01 04:14:33.719 [main] INFO  com.library.dao.MemberDao - Member registered: Aarav Kumar (MEM273716)
2026-07-01 04:14:33.721 [main] INFO  com.library.dao.MemberDao - Member registered: Meera Mehta (MEM273719)
2026-07-01 04:14:33.723 [main] INFO  com.library.dao.MemberDao - Member registered: Aditya Iyer (MEM273721)
2026-07-01 04:14:33.725 [main] INFO  com.library.dao.MemberDao - Member registered: Sneha Sharma (MEM273723)
2026-07-01 04:14:33.727 [main] INFO  com.library.dao.MemberDao - Member registered: Rohan Chowdhury (MEM273725)
2026-07-01 04:14:33.729 [main] INFO  com.library.dao.MemberDao - Member registered: Riya Reddy (MEM273727)
2026-07-01 04:14:33.731 [main] INFO  com.library.dao.MemberDao - Member registered: Meera Mehta (MEM273729)
2026-07-01 04:14:33.734 [main] INFO  com.library.dao.MemberDao - Member registered: Ananya Reddy (MEM273732)
2026-07-01 04:14:33.736 [main] INFO  com.library.dao.MemberDao - Member registered: Meera Das (MEM273734)
2026-07-01 04:14:33.739 [main] INFO  com.library.dao.MemberDao - Member registered: Rohan Mehta (MEM273737)
2026-07-01 04:14:33.741 [main] INFO  com.library.dao.MemberDao - Member registered: Vivaan Mehta (MEM273740)
2026-07-01 04:14:33.744 [main] INFO  com.library.dao.MemberDao - Member registered: Ananya Kumar (MEM273741)
2026-07-01 04:14:33.745 [main] INFO  com.library.dao.MemberDao - Member registered: Sai Das (MEM273744)
2026-07-01 04:14:33.747 [main] INFO  com.library.dao.MemberDao - Member registered: Ananya Gupta (MEM273745)
2026-07-01 04:14:33.750 [main] INFO  com.library.dao.MemberDao - Member registered: Aarav Chowdhury (MEM273748)
2026-07-01 04:14:33.753 [main] INFO  com.library.dao.MemberDao - Member registered: Sneha Menon (MEM273751)
2026-07-01 04:14:33.755 [main] INFO  com.library.dao.MemberDao - Member registered: Neha Mehta (MEM273753)
2026-07-01 04:14:33.757 [main] INFO  com.library.dao.MemberDao - Member registered: Aarav Kumar (MEM273755)
2026-07-01 04:14:33.759 [main] INFO  com.library.dao.MemberDao - Member registered: Arjun Reddy (MEM273757)
2026-07-01 04:14:33.759 [main] INFO  com.library.util.DataSeeder - Seeded 120 members.
2026-07-01 04:14:33.781 [main] INFO  com.library.util.DatabaseConnection - Database connection pool shut down
2026-07-01 04:17:47.363 [main] INFO  com.library.util.DatabaseConnection - Database connection pool initialized for jdbc:mysql://localhost:3306/library_db?useSSL=false&serverTimezone=UTC&allowPublicKeyRetrieval=true
2026-07-01 04:17:47.591 [main] INFO  com.library.service.AuthService - User logged in: admin (ADMIN)
2026-07-01 04:17:52.982 [main] INFO  com.library.util.DatabaseConnection - Database connection pool initialized for jdbc:mysql://localhost:3306/library_db?useSSL=false&serverTimezone=UTC&allowPublicKeyRetrieval=true
2026-07-01 04:17:53.207 [main] INFO  com.library.service.AuthService - User logged in: admin (ADMIN)
2026-07-01 04:17:53.233 [main] INFO  com.library.util.DatabaseConnection - Database connection pool shut down
2026-07-01 04:17:58.143 [main] INFO  com.library.util.DatabaseConnection - Database connection pool initialized for jdbc:mysql://localhost:3306/library_db?useSSL=false&serverTimezone=UTC&allowPublicKeyRetrieval=true
2026-07-01 04:17:58.382 [main] INFO  com.library.service.AuthService - User logged in: admin (ADMIN)
2026-07-01 04:17:58.411 [main] INFO  com.library.dao.TransactionDao - Book issued: txn=1, book=1, member=1
2026-07-01 04:17:58.433 [main] INFO  com.library.util.DatabaseConnection - Database connection pool shut down
2026-07-01 04:18:05.967 [main] INFO  com.library.util.DatabaseConnection - Database connection pool initialized for jdbc:mysql://localhost:3306/library_db?useSSL=false&serverTimezone=UTC&allowPublicKeyRetrieval=true
2026-07-01 04:18:06.188 [main] INFO  com.library.service.AuthService - User logged in: admin (ADMIN)
2026-07-01 04:18:06.211 [main] INFO  com.library.dao.TransactionDao - Book returned: txn=1, fine=0
2026-07-01 04:18:06.211 [main] INFO  c.library.service.TransactionService - Book returned for txn 1 with fine 0
2026-07-01 04:18:06.220 [main] INFO  com.library.util.DatabaseConnection - Database connection pool shut down
2026-07-01 04:18:11.265 [main] INFO  com.library.util.DatabaseConnection - Database connection pool initialized for jdbc:mysql://localhost:3306/library_db?useSSL=false&serverTimezone=UTC&allowPublicKeyRetrieval=true
2026-07-01 04:18:11.497 [main] INFO  com.library.service.AuthService - User logged in: admin (ADMIN)
2026-07-01 04:18:11.516 [main] INFO  com.library.util.DatabaseConnection - Database connection pool shut down
2026-07-01 04:18:16.479 [main] INFO  com.library.util.DatabaseConnection - Database connection pool initialized for jdbc:mysql://localhost:3306/library_db?useSSL=false&serverTimezone=UTC&allowPublicKeyRetrieval=true
2026-07-01 04:18:16.717 [main] INFO  com.library.service.AuthService - User logged in: admin (ADMIN)
2026-07-01 04:18:16.737 [main] INFO  com.library.dao.BookDao - Book saved: Clean Code
2026-07-01 04:18:16.757 [main] INFO  com.library.util.DatabaseConnection - Database connection pool shut down
2026-07-01 04:19:34.983 [main] INFO  com.library.util.DatabaseConnection - Database connection pool initialized for jdbc:mysql://localhost:3306/library_db?useSSL=false&serverTimezone=UTC&allowPublicKeyRetrieval=true
2026-07-01 04:19:35.007 [main] INFO  com.library.dao.BookDao - Book saved: Integration Test Book
2026-07-01 04:19:35.033 [main] INFO  com.library.dao.MemberDao - Member registered: Integration Test Member (MEM575025)
2026-07-01 04:19:35.149 [main] INFO  com.library.dao.TransactionDao - Book issued: txn=2, book=502, member=121
2026-07-01 04:19:35.174 [main] INFO  com.library.dao.TransactionDao - Book returned: txn=2, fine=0
2026-07-01 04:19:35.189 [main] INFO  com.library.util.DatabaseConnection - Database connection pool shut down
2026-07-01 04:20:03.121 [main] INFO  com.library.util.DatabaseConnection - Database connection pool initialized for jdbc:mysql://localhost:3306/library_db?useSSL=false&serverTimezone=UTC&allowPublicKeyRetrieval=true
2026-07-01 04:20:03.143 [main] INFO  com.library.dao.BookDao - Book saved: Integration Test Book
2026-07-01 04:20:03.167 [main] INFO  com.library.dao.MemberDao - Member registered: Integration Test Member (MEM603159)
2026-07-01 04:20:03.271 [main] INFO  com.library.dao.TransactionDao - Book issued: txn=3, book=503, member=122
2026-07-01 04:20:03.278 [main] WARN  com.library.dao.TransactionDao - Rollback: no available copies for book_id=503
2026-07-01 04:20:03.286 [main] ERROR com.library.dao.TransactionDao - Transaction rolled back for issueBook
java.sql.SQLException: No available copies for book_id=503
	at com.library.dao.TransactionDao.issueBook(TransactionDao.java:61)
	at com.library.dao.TransactionDaoIntegrationTest.lambda$test2_issueBook_rollsBackWhenNoCopiesAvailable$0(TransactionDaoIntegrationTest.java:96)
	at org.junit.Assert.assertThrows(Assert.java:1001)
	at org.junit.Assert.assertThrows(Assert.java:981)
	at com.library.dao.TransactionDaoIntegrationTest.test2_issueBook_rollsBackWhenNoCopiesAvailable(TransactionDaoIntegrationTest.java:96)
	at java.base/jdk.internal.reflect.DirectMethodHandleAccessor.invoke(DirectMethodHandleAccessor.java:103)
	at java.base/java.lang.reflect.Method.invoke(Method.java:580)
	at org.junit.runners.model.FrameworkMethod$1.runReflectiveCall(FrameworkMethod.java:59)
	at org.junit.internal.runners.model.ReflectiveCallable.run(ReflectiveCallable.java:12)
	at org.junit.runners.model.FrameworkMethod.invokeExplosively(FrameworkMethod.java:61)
	at org.junit.internal.runners.statements.InvokeMethod.evaluate(InvokeMethod.java:17)
	at org.junit.runners.ParentRunner$3.evaluate(ParentRunner.java:306)
	at org.junit.runners.BlockJUnit4ClassRunner$1.evaluate(BlockJUnit4ClassRunner.java:100)
	at org.junit.runners.ParentRunner.runLeaf(ParentRunner.java:366)
	at org.junit.runners.BlockJUnit4ClassRunner.runChild(BlockJUnit4ClassRunner.java:103)
	at org.junit.runners.BlockJUnit4ClassRunner.runChild(BlockJUnit4ClassRunner.java:63)
	at org.junit.runners.ParentRunner$4.run(ParentRunner.java:331)
	at org.junit.runners.ParentRunner$1.schedule(ParentRunner.java:79)
	at org.junit.runners.ParentRunner.runChildren(ParentRunner.java:329)
	at org.junit.runners.ParentRunner.access$100(ParentRunner.java:66)
	at org.junit.runners.ParentRunner$2.evaluate(ParentRunner.java:293)
	at org.junit.internal.runners.statements.RunBefores.evaluate(RunBefores.java:26)
	at org.junit.internal.runners.statements.RunAfters.evaluate(RunAfters.java:27)
	at org.junit.runners.ParentRunner$3.evaluate(ParentRunner.java:306)
	at org.junit.runners.ParentRunner.run(ParentRunner.java:413)
	at org.junit.runners.Suite.runChild(Suite.java:128)
	at org.junit.runners.Suite.runChild(Suite.java:27)
	at org.junit.runners.ParentRunner$4.run(ParentRunner.java:331)
	at org.junit.runners.ParentRunner$1.schedule(ParentRunner.java:79)
	at org.junit.runners.ParentRunner.runChildren(ParentRunner.java:329)
	at org.junit.runners.ParentRunner.access$100(ParentRunner.java:66)
	at org.junit.runners.ParentRunner$2.evaluate(ParentRunner.java:293)
	at org.junit.runners.ParentRunner$3.evaluate(ParentRunner.java:306)
	at org.junit.runners.ParentRunner.run(ParentRunner.java:413)
	at org.junit.runner.JUnitCore.run(JUnitCore.java:137)
	at org.junit.runner.JUnitCore.run(JUnitCore.java:115)
	at org.junit.runner.JUnitCore.runMain(JUnitCore.java:77)
	at org.junit.runner.JUnitCore.main(JUnitCore.java:36)
2026-07-01 04:20:03.307 [main] INFO  com.library.dao.TransactionDao - Book returned: txn=3, fine=0
2026-07-01 04:20:03.319 [main] INFO  com.library.util.DatabaseConnection - Database connection pool shut down
2026-07-01 04:21:10.083 [main] INFO  com.library.util.DatabaseConnection - Database connection pool initialized for jdbc:mysql://localhost:3306/library_db?useSSL=false&serverTimezone=UTC&allowPublicKeyRetrieval=true
2026-07-01 04:21:10.428 [main] INFO  com.library.util.DataSeeder - Seeded default users: admin/admin123, librarian/lib123
2026-07-01 04:21:10.429 [main] INFO  com.library.util.DataSeeder - Seeding 500 demo books...
2026-07-01 04:21:10.450 [main] INFO  com.library.dao.BookDao - Book saved: Fiction Insights Vol. 1
2026-07-01 04:21:10.453 [main] INFO  com.library.dao.BookDao - Book saved: Mathematics Insights Vol. 2
2026-07-01 04:21:10.456 [main] INFO  com.library.dao.BookDao - Book saved: Technology Insights Vol. 3
2026-07-01 04:21:10.462 [main] INFO  com.library.dao.BookDao - Book saved: Technology Insights Vol. 4
2026-07-01 04:21:10.465 [main] INFO  com.library.dao.BookDao - Book saved: Fiction Insights Vol. 5
2026-07-01 04:21:10.467 [main] INFO  com.library.dao.BookDao - Book saved: Science Insights Vol. 6
2026-07-01 04:21:10.471 [main] INFO  com.library.dao.BookDao - Book saved: Fiction Insights Vol. 7
2026-07-01 04:21:10.474 [main] INFO  com.library.dao.BookDao - Book saved: Fantasy Insights Vol. 8
2026-07-01 04:21:10.476 [main] INFO  com.library.dao.BookDao - Book saved: Self-Help Insights Vol. 9
2026-07-01 04:21:10.478 [main] INFO  com.library.dao.BookDao - Book saved: Biography Insights Vol. 10
2026-07-01 04:21:10.481 [main] INFO  com.library.dao.BookDao - Book saved: History Insights Vol. 11
2026-07-01 04:21:10.484 [main] INFO  com.library.dao.BookDao - Book saved: Fiction Insights Vol. 12
2026-07-01 04:21:10.488 [main] INFO  com.library.dao.BookDao - Book saved: Fantasy Insights Vol. 13
2026-07-01 04:21:10.492 [main] INFO  com.library.dao.BookDao - Book saved: Biography Insights Vol. 14
2026-07-01 04:21:10.494 [main] INFO  com.library.dao.BookDao - Book saved: Fiction Insights Vol. 15
2026-07-01 04:21:10.497 [main] INFO  com.library.dao.BookDao - Book saved: History Insights Vol. 16
2026-07-01 04:21:10.503 [main] INFO  com.library.dao.BookDao - Book saved: Fiction Insights Vol. 17
2026-07-01 04:21:10.506 [main] INFO  com.library.dao.BookDao - Book saved: History Insights Vol. 18
2026-07-01 04:21:10.510 [main] INFO  com.library.dao.BookDao - Book saved: Fantasy Insights Vol. 19
2026-07-01 04:21:10.513 [main] INFO  com.library.dao.BookDao - Book saved: History Insights Vol. 20
2026-07-01 04:21:10.517 [main] INFO  com.library.dao.BookDao - Book saved: Fiction Insights Vol. 21
2026-07-01 04:21:10.520 [main] INFO  com.library.dao.BookDao - Book saved: Science Insights Vol. 22
2026-07-01 04:21:10.523 [main] INFO  com.library.dao.BookDao - Book saved: Philosophy Insights Vol. 23
2026-07-01 04:21:10.526 [main] INFO  com.library.dao.BookDao - Book saved: Fiction Insights Vol. 24
2026-07-01 04:21:10.529 [main] INFO  com.library.dao.BookDao - Book saved: Philosophy Insights Vol. 25
2026-07-01 04:21:10.532 [main] INFO  com.library.dao.BookDao - Book saved: Technology Insights Vol. 26
2026-07-01 04:21:10.534 [main] INFO  com.library.dao.BookDao - Book saved: Technology Insights Vol. 27
2026-07-01 04:21:10.537 [main] INFO  com.library.dao.BookDao - Book saved: Mystery Insights Vol. 28
2026-07-01 04:21:10.541 [main] INFO  com.library.dao.BookDao - Book saved: History Insights Vol. 29
2026-07-01 04:21:10.544 [main] INFO  com.library.dao.BookDao - Book saved: History Insights Vol. 30
2026-07-01 04:21:10.547 [main] INFO  com.library.dao.BookDao - Book saved: Fiction Insights Vol. 31
2026-07-01 04:21:10.549 [main] INFO  com.library.dao.BookDao - Book saved: Self-Help Insights Vol. 32
2026-07-01 04:21:10.552 [main] INFO  com.library.dao.BookDao - Book saved: Biography Insights Vol. 33
2026-07-01 04:21:10.556 [main] INFO  com.library.dao.BookDao - Book saved: Fiction Insights Vol. 34
2026-07-01 04:21:10.558 [main] INFO  com.library.dao.BookDao - Book saved: Biography Insights Vol. 35
2026-07-01 04:21:10.561 [main] INFO  com.library.dao.BookDao - Book saved: Science Insights Vol. 36
2026-07-01 04:21:10.564 [main] INFO  com.library.dao.BookDao - Book saved: Philosophy Insights Vol. 37
2026-07-01 04:21:10.566 [main] INFO  com.library.dao.BookDao - Book saved: Mathematics Insights Vol. 38
2026-07-01 04:21:10.569 [main] INFO  com.library.dao.BookDao - Book saved: Mystery Insights Vol. 39
2026-07-01 04:21:10.571 [main] INFO  com.library.dao.BookDao - Book saved: Self-Help Insights Vol. 40
2026-07-01 04:21:10.573 [main] INFO  com.library.dao.BookDao - Book saved: Self-Help Insights Vol. 41
2026-07-01 04:21:10.576 [main] INFO  com.library.dao.BookDao - Book saved: Fantasy Insights Vol. 42
2026-07-01 04:21:10.581 [main] INFO  com.library.dao.BookDao - Book saved: Fiction Insights Vol. 43
2026-07-01 04:21:10.584 [main] INFO  com.library.dao.BookDao - Book saved: Mathematics Insights Vol. 44
2026-07-01 04:21:10.586 [main] INFO  com.library.dao.BookDao - Book saved: Mathematics Insights Vol. 45
2026-07-01 04:21:10.588 [main] INFO  com.library.dao.BookDao - Book saved: History Insights Vol. 46
2026-07-01 04:21:10.591 [main] INFO  com.library.dao.BookDao - Book saved: Mathematics Insights Vol. 47
2026-07-01 04:21:10.593 [main] INFO  com.library.dao.BookDao - Book saved: Self-Help Insights Vol. 48
2026-07-01 04:21:10.597 [main] INFO  com.library.dao.BookDao - Book saved: Philosophy Insights Vol. 49
2026-07-01 04:21:10.600 [main] INFO  com.library.dao.BookDao - Book saved: Science Insights Vol. 50
2026-07-01 04:21:10.603 [main] INFO  com.library.dao.BookDao - Book saved: History Insights Vol. 51
2026-07-01 04:21:10.606 [main] INFO  com.library.dao.BookDao - Book saved: Mathematics Insights Vol. 52
2026-07-01 04:21:10.609 [main] INFO  com.library.dao.BookDao - Book saved: Mystery Insights Vol. 53
2026-07-01 04:21:10.611 [main] INFO  com.library.dao.BookDao - Book saved: Fantasy Insights Vol. 54
2026-07-01 04:21:10.614 [main] INFO  com.library.dao.BookDao - Book saved: Biography Insights Vol. 55
2026-07-01 04:21:10.616 [main] INFO  com.library.dao.BookDao - Book saved: Self-Help Insights Vol. 56
2026-07-01 04:21:10.619 [main] INFO  com.library.dao.BookDao - Book saved: Fantasy Insights Vol. 57
2026-07-01 04:21:10.621 [main] INFO  com.library.dao.BookDao - Book saved: Philosophy Insights Vol. 58
2026-07-01 04:21:10.625 [main] INFO  com.library.dao.BookDao - Book saved: Fiction Insights Vol. 59
2026-07-01 04:21:10.627 [main] INFO  com.library.dao.BookDao - Book saved: Fantasy Insights Vol. 60
2026-07-01 04:21:10.629 [main] INFO  com.library.dao.BookDao - Book saved: Fantasy Insights Vol. 61
2026-07-01 04:21:10.634 [main] INFO  com.library.dao.BookDao - Book saved: Self-Help Insights Vol. 62
2026-07-01 04:21:10.637 [main] INFO  com.library.dao.BookDao - Book saved: Mathematics Insights Vol. 63
2026-07-01 04:21:10.641 [main] INFO  com.library.dao.BookDao - Book saved: Biography Insights Vol. 64
2026-07-01 04:21:10.644 [main] INFO  com.library.dao.BookDao - Book saved: Fantasy Insights Vol. 65
2026-07-01 04:21:10.646 [main] INFO  com.library.dao.BookDao - Book saved: Mystery Insights Vol. 66
2026-07-01 04:21:10.649 [main] INFO  com.library.dao.BookDao - Book saved: Mystery Insights Vol. 67
2026-07-01 04:21:10.651 [main] INFO  com.library.dao.BookDao - Book saved: Philosophy Insights Vol. 68
2026-07-01 04:21:10.653 [main] INFO  com.library.dao.BookDao - Book saved: Self-Help Insights Vol. 69
2026-07-01 04:21:10.656 [main] INFO  com.library.dao.BookDao - Book saved: Mystery Insights Vol. 70
2026-07-01 04:21:10.658 [main] INFO  com.library.dao.BookDao - Book saved: Biography Insights Vol. 71
2026-07-01 04:21:10.661 [main] INFO  com.library.dao.BookDao - Book saved: Self-Help Insights Vol. 72
2026-07-01 04:21:10.663 [main] INFO  com.library.dao.BookDao - Book saved: History Insights Vol. 73
2026-07-01 04:21:10.665 [main] INFO  com.library.dao.BookDao - Book saved: Biography Insights Vol. 74
2026-07-01 04:21:10.668 [main] INFO  com.library.dao.BookDao - Book saved: Mathematics Insights Vol. 75
2026-07-01 04:21:10.670 [main] INFO  com.library.dao.BookDao - Book saved: Philosophy Insights Vol. 76
2026-07-01 04:21:10.673 [main] INFO  com.library.dao.BookDao - Book saved: Technology Insights Vol. 77
2026-07-01 04:21:10.675 [main] INFO  com.library.dao.BookDao - Book saved: Fantasy Insights Vol. 78
2026-07-01 04:21:10.679 [main] INFO  com.library.dao.BookDao - Book saved: Technology Insights Vol. 79
2026-07-01 04:21:10.681 [main] INFO  com.library.dao.BookDao - Book saved: Philosophy Insights Vol. 80
2026-07-01 04:21:10.683 [main] INFO  com.library.dao.BookDao - Book saved: History Insights Vol. 81
2026-07-01 04:21:10.686 [main] INFO  com.library.dao.BookDao - Book saved: History Insights Vol. 82
2026-07-01 04:21:10.689 [main] INFO  com.library.dao.BookDao - Book saved: Fiction Insights Vol. 83
2026-07-01 04:21:10.692 [main] INFO  com.library.dao.BookDao - Book saved: Biography Insights Vol. 84
2026-07-01 04:21:10.696 [main] INFO  com.library.dao.BookDao - Book saved: Self-Help Insights Vol. 85
2026-07-01 04:21:10.698 [main] INFO  com.library.dao.BookDao - Book saved: Mathematics Insights Vol. 86
2026-07-01 04:21:10.701 [main] INFO  com.library.dao.BookDao - Book saved: Biography Insights Vol. 87
2026-07-01 04:21:10.703 [main] INFO  com.library.dao.BookDao - Book saved: Self-Help Insights Vol. 88
2026-07-01 04:21:10.707 [main] INFO  com.library.dao.BookDao - Book saved: Biography Insights Vol. 89
2026-07-01 04:21:10.710 [main] INFO  com.library.dao.BookDao - Book saved: Mystery Insights Vol. 90
2026-07-01 04:21:10.714 [main] INFO  com.library.dao.BookDao - Book saved: Fiction Insights Vol. 91
2026-07-01 04:21:10.716 [main] INFO  com.library.dao.BookDao - Book saved: Fantasy Insights Vol. 92
2026-07-01 04:21:10.718 [main] INFO  com.library.dao.BookDao - Book saved: Science Insights Vol. 93
2026-07-01 04:21:10.721 [main] INFO  com.library.dao.BookDao - Book saved: Fantasy Insights Vol. 94
2026-07-01 04:21:10.723 [main] INFO  com.library.dao.BookDao - Book saved: Biography Insights Vol. 95
2026-07-01 04:21:10.725 [main] INFO  com.library.dao.BookDao - Book saved: Biography Insights Vol. 96
2026-07-01 04:21:10.727 [main] INFO  com.library.dao.BookDao - Book saved: Fantasy Insights Vol. 97
2026-07-01 04:21:10.730 [main] INFO  com.library.dao.BookDao - Book saved: Fantasy Insights Vol. 98
2026-07-01 04:21:10.732 [main] INFO  com.library.dao.BookDao - Book saved: Fiction Insights Vol. 99
2026-07-01 04:21:10.734 [main] INFO  com.library.dao.BookDao - Book saved: Science Insights Vol. 100
2026-07-01 04:21:10.737 [main] INFO  com.library.dao.BookDao - Book saved: History Insights Vol. 101
2026-07-01 04:21:10.741 [main] INFO  com.library.dao.BookDao - Book saved: Fiction Insights Vol. 102
2026-07-01 04:21:10.743 [main] INFO  com.library.dao.BookDao - Book saved: Self-Help Insights Vol. 103
2026-07-01 04:21:10.746 [main] INFO  com.library.dao.BookDao - Book saved: Fantasy Insights Vol. 104
2026-07-01 04:21:10.748 [main] INFO  com.library.dao.BookDao - Book saved: Mystery Insights Vol. 105
2026-07-01 04:21:10.750 [main] INFO  com.library.dao.BookDao - Book saved: Fiction Insights Vol. 106
2026-07-01 04:21:10.754 [main] INFO  com.library.dao.BookDao - Book saved: Biography Insights Vol. 107
2026-07-01 04:21:10.757 [main] INFO  com.library.dao.BookDao - Book saved: Mathematics Insights Vol. 108
2026-07-01 04:21:10.759 [main] INFO  com.library.dao.BookDao - Book saved: Fiction Insights Vol. 109
2026-07-01 04:21:10.761 [main] INFO  com.library.dao.BookDao - Book saved: Philosophy Insights Vol. 110
2026-07-01 04:21:10.765 [main] INFO  com.library.dao.BookDao - Book saved: Mystery Insights Vol. 111
2026-07-01 04:21:10.768 [main] INFO  com.library.dao.BookDao - Book saved: Technology Insights Vol. 112
2026-07-01 04:21:10.770 [main] INFO  com.library.dao.BookDao - Book saved: Mystery Insights Vol. 113
2026-07-01 04:21:10.773 [main] INFO  com.library.dao.BookDao - Book saved: History Insights Vol. 114
2026-07-01 04:21:10.776 [main] INFO  com.library.dao.BookDao - Book saved: Biography Insights Vol. 115
2026-07-01 04:21:10.778 [main] INFO  com.library.dao.BookDao - Book saved: Self-Help Insights Vol. 116
2026-07-01 04:21:10.781 [main] INFO  com.library.dao.BookDao - Book saved: Philosophy Insights Vol. 117
2026-07-01 04:21:10.785 [main] INFO  com.library.dao.BookDao - Book saved: Biography Insights Vol. 118
2026-07-01 04:21:10.787 [main] INFO  com.library.dao.BookDao - Book saved: Fantasy Insights Vol. 119
2026-07-01 04:21:10.792 [main] INFO  com.library.dao.BookDao - Book saved: Biography Insights Vol. 120
2026-07-01 04:21:10.795 [main] INFO  com.library.dao.BookDao - Book saved: Philosophy Insights Vol. 121
2026-07-01 04:21:10.798 [main] INFO  com.library.dao.BookDao - Book saved: Mathematics Insights Vol. 122
2026-07-01 04:21:10.801 [main] INFO  com.library.dao.BookDao - Book saved: Philosophy Insights Vol. 123
2026-07-01 04:21:10.804 [main] INFO  com.library.dao.BookDao - Book saved: Science Insights Vol. 124
2026-07-01 04:21:10.809 [main] INFO  com.library.dao.BookDao - Book saved: Self-Help Insights Vol. 125
2026-07-01 04:21:10.812 [main] INFO  com.library.dao.BookDao - Book saved: Fantasy Insights Vol. 126
2026-07-01 04:21:10.814 [main] INFO  com.library.dao.BookDao - Book saved: Science Insights Vol. 127
2026-07-01 04:21:10.817 [main] INFO  com.library.dao.BookDao - Book saved: History Insights Vol. 128
2026-07-01 04:21:10.819 [main] INFO  com.library.dao.BookDao - Book saved: Philosophy Insights Vol. 129
2026-07-01 04:21:10.822 [main] INFO  com.library.dao.BookDao - Book saved: Fantasy Insights Vol. 130
2026-07-01 04:21:10.824 [main] INFO  com.library.dao.BookDao - Book saved: Technology Insights Vol. 131
2026-07-01 04:21:10.825 [main] INFO  com.library.dao.BookDao - Book saved: Fantasy Insights Vol. 132
2026-07-01 04:21:10.828 [main] INFO  com.library.dao.BookDao - Book saved: Self-Help Insights Vol. 133
2026-07-01 04:21:10.830 [main] INFO  com.library.dao.BookDao - Book saved: Fantasy Insights Vol. 134
2026-07-01 04:21:10.832 [main] INFO  com.library.dao.BookDao - Book saved: Mathematics Insights Vol. 135
2026-07-01 04:21:10.834 [main] INFO  com.library.dao.BookDao - Book saved: Technology Insights Vol. 136
2026-07-01 04:21:10.835 [main] INFO  com.library.dao.BookDao - Book saved: Mystery Insights Vol. 137
2026-07-01 04:21:10.837 [main] INFO  com.library.dao.BookDao - Book saved: Science Insights Vol. 138
2026-07-01 04:21:10.840 [main] INFO  com.library.dao.BookDao - Book saved: Mystery Insights Vol. 139
2026-07-01 04:21:10.843 [main] INFO  com.library.dao.BookDao - Book saved: Biography Insights Vol. 140
2026-07-01 04:21:10.844 [main] INFO  com.library.dao.BookDao - Book saved: Mathematics Insights Vol. 141
2026-07-01 04:21:10.848 [main] INFO  com.library.dao.BookDao - Book saved: Mystery Insights Vol. 142
2026-07-01 04:21:10.851 [main] INFO  com.library.dao.BookDao - Book saved: Self-Help Insights Vol. 143
2026-07-01 04:21:10.852 [main] INFO  com.library.dao.BookDao - Book saved: Biography Insights Vol. 144
2026-07-01 04:21:10.855 [main] INFO  com.library.dao.BookDao - Book saved: Mathematics Insights Vol. 145
2026-07-01 04:21:10.857 [main] INFO  com.library.dao.BookDao - Book saved: Mystery Insights Vol. 146
2026-07-01 04:21:10.860 [main] INFO  com.library.dao.BookDao - Book saved: Biography Insights Vol. 147
2026-07-01 04:21:10.862 [main] INFO  com.library.dao.BookDao - Book saved: Mystery Insights Vol. 148
2026-07-01 04:21:10.865 [main] INFO  com.library.dao.BookDao - Book saved: Fantasy Insights Vol. 149
2026-07-01 04:21:10.869 [main] INFO  com.library.dao.BookDao - Book saved: Technology Insights Vol. 150
2026-07-01 04:21:10.871 [main] INFO  com.library.dao.BookDao - Book saved: Philosophy Insights Vol. 151
2026-07-01 04:21:10.873 [main] INFO  com.library.dao.BookDao - Book saved: Science Insights Vol. 152
2026-07-01 04:21:10.875 [main] INFO  com.library.dao.BookDao - Book saved: Biography Insights Vol. 153
2026-07-01 04:21:10.876 [main] INFO  com.library.dao.BookDao - Book saved: Fiction Insights Vol. 154
2026-07-01 04:21:10.879 [main] INFO  com.library.dao.BookDao - Book saved: Biography Insights Vol. 155
2026-07-01 04:21:10.881 [main] INFO  com.library.dao.BookDao - Book saved: Fantasy Insights Vol. 156
2026-07-01 04:21:10.884 [main] INFO  com.library.dao.BookDao - Book saved: Mathematics Insights Vol. 157
2026-07-01 04:21:10.886 [main] INFO  com.library.dao.BookDao - Book saved: Science Insights Vol. 158
2026-07-01 04:21:10.889 [main] INFO  com.library.dao.BookDao - Book saved: Mystery Insights Vol. 159
2026-07-01 04:21:10.890 [main] INFO  com.library.dao.BookDao - Book saved: Biography Insights Vol. 160
2026-07-01 04:21:10.893 [main] INFO  com.library.dao.BookDao - Book saved: Mathematics Insights Vol. 161
2026-07-01 04:21:10.895 [main] INFO  com.library.dao.BookDao - Book saved: Fiction Insights Vol. 162
2026-07-01 04:21:10.897 [main] INFO  com.library.dao.BookDao - Book saved: Fiction Insights Vol. 163
2026-07-01 04:21:10.900 [main] INFO  com.library.dao.BookDao - Book saved: Mathematics Insights Vol. 164
2026-07-01 04:21:10.902 [main] INFO  com.library.dao.BookDao - Book saved: Fantasy Insights Vol. 165
2026-07-01 04:21:10.904 [main] INFO  com.library.dao.BookDao - Book saved: Science Insights Vol. 166
2026-07-01 04:21:10.906 [main] INFO  com.library.dao.BookDao - Book saved: Fantasy Insights Vol. 167
2026-07-01 04:21:10.908 [main] INFO  com.library.dao.BookDao - Book saved: Mystery Insights Vol. 168
2026-07-01 04:21:10.915 [main] INFO  com.library.dao.BookDao - Book saved: Fiction Insights Vol. 169
2026-07-01 04:21:10.917 [main] INFO  com.library.dao.BookDao - Book saved: Mystery Insights Vol. 170
2026-07-01 04:21:10.920 [main] INFO  com.library.dao.BookDao - Book saved: Mystery Insights Vol. 171
2026-07-01 04:21:10.922 [main] INFO  com.library.dao.BookDao - Book saved: Mathematics Insights Vol. 172
2026-07-01 04:21:10.924 [main] INFO  com.library.dao.BookDao - Book saved: History Insights Vol. 173
2026-07-01 04:21:10.926 [main] INFO  com.library.dao.BookDao - Book saved: Fiction Insights Vol. 174
2026-07-01 04:21:10.929 [main] INFO  com.library.dao.BookDao - Book saved: Fiction Insights Vol. 175
2026-07-01 04:21:10.931 [main] INFO  com.library.dao.BookDao - Book saved: Philosophy Insights Vol. 176
2026-07-01 04:21:10.933 [main] INFO  com.library.dao.BookDao - Book saved: History Insights Vol. 177
2026-07-01 04:21:10.935 [main] INFO  com.library.dao.BookDao - Book saved: History Insights Vol. 178
2026-07-01 04:21:10.938 [main] INFO  com.library.dao.BookDao - Book saved: Technology Insights Vol. 179
2026-07-01 04:21:10.940 [main] INFO  com.library.dao.BookDao - Book saved: Technology Insights Vol. 180
2026-07-01 04:21:10.942 [main] INFO  com.library.dao.BookDao - Book saved: Fantasy Insights Vol. 181
2026-07-01 04:21:10.945 [main] INFO  com.library.dao.BookDao - Book saved: Science Insights Vol. 182
2026-07-01 04:21:10.948 [main] INFO  com.library.dao.BookDao - Book saved: Mathematics Insights Vol. 183
2026-07-01 04:21:10.952 [main] INFO  com.library.dao.BookDao - Book saved: Fiction Insights Vol. 184
2026-07-01 04:21:10.954 [main] INFO  com.library.dao.BookDao - Book saved: History Insights Vol. 185
2026-07-01 04:21:10.956 [main] INFO  com.library.dao.BookDao - Book saved: Fiction Insights Vol. 186
2026-07-01 04:21:10.958 [main] INFO  com.library.dao.BookDao - Book saved: Fiction Insights Vol. 187
2026-07-01 04:21:10.961 [main] INFO  com.library.dao.BookDao - Book saved: Mystery Insights Vol. 188
2026-07-01 04:21:10.964 [main] INFO  com.library.dao.BookDao - Book saved: Mystery Insights Vol. 189
2026-07-01 04:21:10.968 [main] INFO  com.library.dao.BookDao - Book saved: Mystery Insights Vol. 190
2026-07-01 04:21:10.971 [main] INFO  com.library.dao.BookDao - Book saved: Fiction Insights Vol. 191
2026-07-01 04:21:10.974 [main] INFO  com.library.dao.BookDao - Book saved: Technology Insights Vol. 192
2026-07-01 04:21:10.976 [main] INFO  com.library.dao.BookDao - Book saved: Fantasy Insights Vol. 193
2026-07-01 04:21:10.978 [main] INFO  com.library.dao.BookDao - Book saved: Fantasy Insights Vol. 194
2026-07-01 04:21:10.980 [main] INFO  com.library.dao.BookDao - Book saved: Self-Help Insights Vol. 195
2026-07-01 04:21:10.982 [main] INFO  com.library.dao.BookDao - Book saved: Science Insights Vol. 196
2026-07-01 04:21:10.985 [main] INFO  com.library.dao.BookDao - Book saved: Fiction Insights Vol. 197
2026-07-01 04:21:10.987 [main] INFO  com.library.dao.BookDao - Book saved: Biography Insights Vol. 198
2026-07-01 04:21:10.989 [main] INFO  com.library.dao.BookDao - Book saved: Fiction Insights Vol. 199
2026-07-01 04:21:10.991 [main] INFO  com.library.dao.BookDao - Book saved: Science Insights Vol. 200
2026-07-01 04:21:10.994 [main] INFO  com.library.dao.BookDao - Book saved: Philosophy Insights Vol. 201
2026-07-01 04:21:10.996 [main] INFO  com.library.dao.BookDao - Book saved: Philosophy Insights Vol. 202
2026-07-01 04:21:10.999 [main] INFO  com.library.dao.BookDao - Book saved: Mystery Insights Vol. 203
2026-07-01 04:21:11.002 [main] INFO  com.library.dao.BookDao - Book saved: Technology Insights Vol. 204
2026-07-01 04:21:11.006 [main] INFO  com.library.dao.BookDao - Book saved: Mystery Insights Vol. 205
2026-07-01 04:21:11.008 [main] INFO  com.library.dao.BookDao - Book saved: Science Insights Vol. 206
2026-07-01 04:21:11.011 [main] INFO  com.library.dao.BookDao - Book saved: Self-Help Insights Vol. 207
2026-07-01 04:21:11.014 [main] INFO  com.library.dao.BookDao - Book saved: Philosophy Insights Vol. 208
2026-07-01 04:21:11.016 [main] INFO  com.library.dao.BookDao - Book saved: Mystery Insights Vol. 209
2026-07-01 04:21:11.018 [main] INFO  com.library.dao.BookDao - Book saved: Science Insights Vol. 210
2026-07-01 04:21:11.020 [main] INFO  com.library.dao.BookDao - Book saved: Technology Insights Vol. 211
2026-07-01 04:21:11.022 [main] INFO  com.library.dao.BookDao - Book saved: Fiction Insights Vol. 212
2026-07-01 04:21:11.025 [main] INFO  com.library.dao.BookDao - Book saved: Biography Insights Vol. 213
2026-07-01 04:21:11.027 [main] INFO  com.library.dao.BookDao - Book saved: Fiction Insights Vol. 214
2026-07-01 04:21:11.029 [main] INFO  com.library.dao.BookDao - Book saved: Technology Insights Vol. 215
2026-07-01 04:21:11.032 [main] INFO  com.library.dao.BookDao - Book saved: Self-Help Insights Vol. 216
2026-07-01 04:21:11.036 [main] INFO  com.library.dao.BookDao - Book saved: Biography Insights Vol. 217
2026-07-01 04:21:11.040 [main] INFO  com.library.dao.BookDao - Book saved: Mathematics Insights Vol. 218
2026-07-01 04:21:11.043 [main] INFO  com.library.dao.BookDao - Book saved: Fantasy Insights Vol. 219
2026-07-01 04:21:11.047 [main] INFO  com.library.dao.BookDao - Book saved: Fantasy Insights Vol. 220
2026-07-01 04:21:11.051 [main] INFO  com.library.dao.BookDao - Book saved: Biography Insights Vol. 221
2026-07-01 04:21:11.054 [main] INFO  com.library.dao.BookDao - Book saved: Technology Insights Vol. 222
2026-07-01 04:21:11.057 [main] INFO  com.library.dao.BookDao - Book saved: Technology Insights Vol. 223
2026-07-01 04:21:11.062 [main] INFO  com.library.dao.BookDao - Book saved: Philosophy Insights Vol. 224
2026-07-01 04:21:11.065 [main] INFO  com.library.dao.BookDao - Book saved: Mathematics Insights Vol. 225
2026-07-01 04:21:11.067 [main] INFO  com.library.dao.BookDao - Book saved: Mystery Insights Vol. 226
2026-07-01 04:21:11.071 [main] INFO  com.library.dao.BookDao - Book saved: Self-Help Insights Vol. 227
2026-07-01 04:21:11.074 [main] INFO  com.library.dao.BookDao - Book saved: Philosophy Insights Vol. 228
2026-07-01 04:21:11.077 [main] INFO  com.library.dao.BookDao - Book saved: Mystery Insights Vol. 229
2026-07-01 04:21:11.079 [main] INFO  com.library.dao.BookDao - Book saved: Fiction Insights Vol. 230
2026-07-01 04:21:11.082 [main] INFO  com.library.dao.BookDao - Book saved: Philosophy Insights Vol. 231
2026-07-01 04:21:11.084 [main] INFO  com.library.dao.BookDao - Book saved: Self-Help Insights Vol. 232
2026-07-01 04:21:11.086 [main] INFO  com.library.dao.BookDao - Book saved: Science Insights Vol. 233
2026-07-01 04:21:11.089 [main] INFO  com.library.dao.BookDao - Book saved: Fiction Insights Vol. 234
2026-07-01 04:21:11.091 [main] INFO  com.library.dao.BookDao - Book saved: Mystery Insights Vol. 235
2026-07-01 04:21:11.093 [main] INFO  com.library.dao.BookDao - Book saved: Fantasy Insights Vol. 236
2026-07-01 04:21:11.096 [main] INFO  com.library.dao.BookDao - Book saved: Mystery Insights Vol. 237
2026-07-01 04:21:11.099 [main] INFO  com.library.dao.BookDao - Book saved: Mathematics Insights Vol. 238
2026-07-01 04:21:11.101 [main] INFO  com.library.dao.BookDao - Book saved: History Insights Vol. 239
2026-07-01 04:21:11.103 [main] INFO  com.library.dao.BookDao - Book saved: History Insights Vol. 240
2026-07-01 04:21:11.105 [main] INFO  com.library.dao.BookDao - Book saved: Fantasy Insights Vol. 241
2026-07-01 04:21:11.107 [main] INFO  com.library.dao.BookDao - Book saved: History Insights Vol. 242
2026-07-01 04:21:11.109 [main] INFO  com.library.dao.BookDao - Book saved: Technology Insights Vol. 243
2026-07-01 04:21:11.112 [main] INFO  com.library.dao.BookDao - Book saved: Science Insights Vol. 244
2026-07-01 04:21:11.115 [main] INFO  com.library.dao.BookDao - Book saved: Self-Help Insights Vol. 245
2026-07-01 04:21:11.120 [main] INFO  com.library.dao.BookDao - Book saved: Mathematics Insights Vol. 246
2026-07-01 04:21:11.123 [main] INFO  com.library.dao.BookDao - Book saved: Self-Help Insights Vol. 247
2026-07-01 04:21:11.126 [main] INFO  com.library.dao.BookDao - Book saved: Fiction Insights Vol. 248
2026-07-01 04:21:11.129 [main] INFO  com.library.dao.BookDao - Book saved: Mystery Insights Vol. 249
2026-07-01 04:21:11.132 [main] INFO  com.library.dao.BookDao - Book saved: Biography Insights Vol. 250
2026-07-01 04:21:11.136 [main] INFO  com.library.dao.BookDao - Book saved: Biography Insights Vol. 251
2026-07-01 04:21:11.139 [main] INFO  com.library.dao.BookDao - Book saved: Mystery Insights Vol. 252
2026-07-01 04:21:11.143 [main] INFO  com.library.dao.BookDao - Book saved: Biography Insights Vol. 253
2026-07-01 04:21:11.146 [main] INFO  com.library.dao.BookDao - Book saved: Fantasy Insights Vol. 254
2026-07-01 04:21:11.152 [main] INFO  com.library.dao.BookDao - Book saved: Technology Insights Vol. 255
2026-07-01 04:21:11.158 [main] INFO  com.library.dao.BookDao - Book saved: Fiction Insights Vol. 256
2026-07-01 04:21:11.161 [main] INFO  com.library.dao.BookDao - Book saved: Mystery Insights Vol. 257
2026-07-01 04:21:11.164 [main] INFO  com.library.dao.BookDao - Book saved: Mystery Insights Vol. 258
2026-07-01 04:21:11.166 [main] INFO  com.library.dao.BookDao - Book saved: Fiction Insights Vol. 259
2026-07-01 04:21:11.168 [main] INFO  com.library.dao.BookDao - Book saved: Mathematics Insights Vol. 260
2026-07-01 04:21:11.170 [main] INFO  com.library.dao.BookDao - Book saved: Biography Insights Vol. 261
2026-07-01 04:21:11.171 [main] INFO  com.library.dao.BookDao - Book saved: Fiction Insights Vol. 262
2026-07-01 04:21:11.174 [main] INFO  com.library.dao.BookDao - Book saved: Fantasy Insights Vol. 263
2026-07-01 04:21:11.177 [main] INFO  com.library.dao.BookDao - Book saved: Fiction Insights Vol. 264
2026-07-01 04:21:11.179 [main] INFO  com.library.dao.BookDao - Book saved: Science Insights Vol. 265
2026-07-01 04:21:11.182 [main] INFO  com.library.dao.BookDao - Book saved: Science Insights Vol. 266
2026-07-01 04:21:11.184 [main] INFO  com.library.dao.BookDao - Book saved: History Insights Vol. 267
2026-07-01 04:21:11.186 [main] INFO  com.library.dao.BookDao - Book saved: Fiction Insights Vol. 268
2026-07-01 04:21:11.190 [main] INFO  com.library.dao.BookDao - Book saved: Fiction Insights Vol. 269
2026-07-01 04:21:11.191 [main] INFO  com.library.dao.BookDao - Book saved: History Insights Vol. 270
2026-07-01 04:21:11.193 [main] INFO  com.library.dao.BookDao - Book saved: Mathematics Insights Vol. 271
2026-07-01 04:21:11.195 [main] INFO  com.library.dao.BookDao - Book saved: Mathematics Insights Vol. 272
2026-07-01 04:21:11.198 [main] INFO  com.library.dao.BookDao - Book saved: Philosophy Insights Vol. 273
2026-07-01 04:21:11.201 [main] INFO  com.library.dao.BookDao - Book saved: Technology Insights Vol. 274
2026-07-01 04:21:11.204 [main] INFO  com.library.dao.BookDao - Book saved: Biography Insights Vol. 275
2026-07-01 04:21:11.207 [main] INFO  com.library.dao.BookDao - Book saved: Fantasy Insights Vol. 276
2026-07-01 04:21:11.209 [main] INFO  com.library.dao.BookDao - Book saved: Philosophy Insights Vol. 277
2026-07-01 04:21:11.211 [main] INFO  com.library.dao.BookDao - Book saved: Mathematics Insights Vol. 278
2026-07-01 04:21:11.213 [main] INFO  com.library.dao.BookDao - Book saved: Technology Insights Vol. 279
2026-07-01 04:21:11.215 [main] INFO  com.library.dao.BookDao - Book saved: Fiction Insights Vol. 280
2026-07-01 04:21:11.216 [main] INFO  com.library.dao.BookDao - Book saved: Fiction Insights Vol. 281
2026-07-01 04:21:11.219 [main] INFO  com.library.dao.BookDao - Book saved: Fiction Insights Vol. 282
2026-07-01 04:21:11.220 [main] INFO  com.library.dao.BookDao - Book saved: Self-Help Insights Vol. 283
2026-07-01 04:21:11.222 [main] INFO  com.library.dao.BookDao - Book saved: Biography Insights Vol. 284
2026-07-01 04:21:11.225 [main] INFO  com.library.dao.BookDao - Book saved: Fiction Insights Vol. 285
2026-07-01 04:21:11.227 [main] INFO  com.library.dao.BookDao - Book saved: History Insights Vol. 286
2026-07-01 04:21:11.230 [main] INFO  com.library.dao.BookDao - Book saved: Science Insights Vol. 287
2026-07-01 04:21:11.232 [main] INFO  com.library.dao.BookDao - Book saved: Technology Insights Vol. 288
2026-07-01 04:21:11.234 [main] INFO  com.library.dao.BookDao - Book saved: Technology Insights Vol. 289
2026-07-01 04:21:11.236 [main] INFO  com.library.dao.BookDao - Book saved: Fiction Insights Vol. 290
2026-07-01 04:21:11.237 [main] INFO  com.library.dao.BookDao - Book saved: Self-Help Insights Vol. 291
2026-07-01 04:21:11.240 [main] INFO  com.library.dao.BookDao - Book saved: Science Insights Vol. 292
2026-07-01 04:21:11.241 [main] INFO  com.library.dao.BookDao - Book saved: Fiction Insights Vol. 293
2026-07-01 04:21:11.243 [main] INFO  com.library.dao.BookDao - Book saved: Mystery Insights Vol. 294
2026-07-01 04:21:11.246 [main] INFO  com.library.dao.BookDao - Book saved: Technology Insights Vol. 295
2026-07-01 04:21:11.248 [main] INFO  com.library.dao.BookDao - Book saved: Mathematics Insights Vol. 296
2026-07-01 04:21:11.250 [main] INFO  com.library.dao.BookDao - Book saved: Fiction Insights Vol. 297
2026-07-01 04:21:11.252 [main] INFO  com.library.dao.BookDao - Book saved: Fantasy Insights Vol. 298
2026-07-01 04:21:11.254 [main] INFO  com.library.dao.BookDao - Book saved: Fantasy Insights Vol. 299
2026-07-01 04:21:11.256 [main] INFO  com.library.dao.BookDao - Book saved: History Insights Vol. 300
2026-07-01 04:21:11.262 [main] INFO  com.library.dao.BookDao - Book saved: Philosophy Insights Vol. 301
2026-07-01 04:21:11.264 [main] INFO  com.library.dao.BookDao - Book saved: Philosophy Insights Vol. 302
2026-07-01 04:21:11.266 [main] INFO  com.library.dao.BookDao - Book saved: Self-Help Insights Vol. 303
2026-07-01 04:21:11.270 [main] INFO  com.library.dao.BookDao - Book saved: Biography Insights Vol. 304
2026-07-01 04:21:11.272 [main] INFO  com.library.dao.BookDao - Book saved: History Insights Vol. 305
2026-07-01 04:21:11.274 [main] INFO  com.library.dao.BookDao - Book saved: Mathematics Insights Vol. 306
2026-07-01 04:21:11.275 [main] INFO  com.library.dao.BookDao - Book saved: Philosophy Insights Vol. 307
2026-07-01 04:21:11.277 [main] INFO  com.library.dao.BookDao - Book saved: Technology Insights Vol. 308
2026-07-01 04:21:11.279 [main] INFO  com.library.dao.BookDao - Book saved: Mystery Insights Vol. 309
2026-07-01 04:21:11.281 [main] INFO  com.library.dao.BookDao - Book saved: Self-Help Insights Vol. 310
2026-07-01 04:21:11.282 [main] INFO  com.library.dao.BookDao - Book saved: Mathematics Insights Vol. 311
2026-07-01 04:21:11.286 [main] INFO  com.library.dao.BookDao - Book saved: Biography Insights Vol. 312
2026-07-01 04:21:11.287 [main] INFO  com.library.dao.BookDao - Book saved: Philosophy Insights Vol. 313
2026-07-01 04:21:11.293 [main] INFO  com.library.dao.BookDao - Book saved: Mystery Insights Vol. 314
2026-07-01 04:21:11.295 [main] INFO  com.library.dao.BookDao - Book saved: Science Insights Vol. 315
2026-07-01 04:21:11.296 [main] INFO  com.library.dao.BookDao - Book saved: Mystery Insights Vol. 316
2026-07-01 04:21:11.299 [main] INFO  com.library.dao.BookDao - Book saved: Biography Insights Vol. 317
2026-07-01 04:21:11.303 [main] INFO  com.library.dao.BookDao - Book saved: Philosophy Insights Vol. 318
2026-07-01 04:21:11.305 [main] INFO  com.library.dao.BookDao - Book saved: Self-Help Insights Vol. 319
2026-07-01 04:21:11.307 [main] INFO  com.library.dao.BookDao - Book saved: Fiction Insights Vol. 320
2026-07-01 04:21:11.309 [main] INFO  com.library.dao.BookDao - Book saved: Philosophy Insights Vol. 321
2026-07-01 04:21:11.311 [main] INFO  com.library.dao.BookDao - Book saved: Fantasy Insights Vol. 322
2026-07-01 04:21:11.312 [main] INFO  com.library.dao.BookDao - Book saved: Biography Insights Vol. 323
2026-07-01 04:21:11.315 [main] INFO  com.library.dao.BookDao - Book saved: Mystery Insights Vol. 324
2026-07-01 04:21:11.317 [main] INFO  com.library.dao.BookDao - Book saved: Fantasy Insights Vol. 325
2026-07-01 04:21:11.320 [main] INFO  com.library.dao.BookDao - Book saved: Technology Insights Vol. 326
2026-07-01 04:21:11.321 [main] INFO  com.library.dao.BookDao - Book saved: Mystery Insights Vol. 327
2026-07-01 04:21:11.324 [main] INFO  com.library.dao.BookDao - Book saved: Fantasy Insights Vol. 328
2026-07-01 04:21:11.326 [main] INFO  com.library.dao.BookDao - Book saved: History Insights Vol. 329
2026-07-01 04:21:11.328 [main] INFO  com.library.dao.BookDao - Book saved: Fantasy Insights Vol. 330
2026-07-01 04:21:11.330 [main] INFO  com.library.dao.BookDao - Book saved: Technology Insights Vol. 331
2026-07-01 04:21:11.332 [main] INFO  com.library.dao.BookDao - Book saved: Biography Insights Vol. 332
2026-07-01 04:21:11.335 [main] INFO  com.library.dao.BookDao - Book saved: Fantasy Insights Vol. 333
2026-07-01 04:21:11.338 [main] INFO  com.library.dao.BookDao - Book saved: Technology Insights Vol. 334
2026-07-01 04:21:11.341 [main] INFO  com.library.dao.BookDao - Book saved: History Insights Vol. 335
2026-07-01 04:21:11.344 [main] INFO  com.library.dao.BookDao - Book saved: Mathematics Insights Vol. 336
2026-07-01 04:21:11.346 [main] INFO  com.library.dao.BookDao - Book saved: Science Insights Vol. 337
2026-07-01 04:21:11.348 [main] INFO  com.library.dao.BookDao - Book saved: Biography Insights Vol. 338
2026-07-01 04:21:11.350 [main] INFO  com.library.dao.BookDao - Book saved: History Insights Vol. 339
2026-07-01 04:21:11.354 [main] INFO  com.library.dao.BookDao - Book saved: Biography Insights Vol. 340
2026-07-01 04:21:11.356 [main] INFO  com.library.dao.BookDao - Book saved: Fiction Insights Vol. 341
2026-07-01 04:21:11.358 [main] INFO  com.library.dao.BookDao - Book saved: Mystery Insights Vol. 342
2026-07-01 04:21:11.362 [main] INFO  com.library.dao.BookDao - Book saved: History Insights Vol. 343
2026-07-01 04:21:11.365 [main] INFO  com.library.dao.BookDao - Book saved: Mathematics Insights Vol. 344
2026-07-01 04:21:11.367 [main] INFO  com.library.dao.BookDao - Book saved: Science Insights Vol. 345
2026-07-01 04:21:11.369 [main] INFO  com.library.dao.BookDao - Book saved: Fantasy Insights Vol. 346
2026-07-01 04:21:11.370 [main] INFO  com.library.dao.BookDao - Book saved: Technology Insights Vol. 347
2026-07-01 04:21:11.372 [main] INFO  com.library.dao.BookDao - Book saved: Self-Help Insights Vol. 348
2026-07-01 04:21:11.374 [main] INFO  com.library.dao.BookDao - Book saved: Mathematics Insights Vol. 349
2026-07-01 04:21:11.378 [main] INFO  com.library.dao.BookDao - Book saved: Self-Help Insights Vol. 350
2026-07-01 04:21:11.381 [main] INFO  com.library.dao.BookDao - Book saved: History Insights Vol. 351
2026-07-01 04:21:11.384 [main] INFO  com.library.dao.BookDao - Book saved: Self-Help Insights Vol. 352
2026-07-01 04:21:11.387 [main] INFO  com.library.dao.BookDao - Book saved: Philosophy Insights Vol. 353
2026-07-01 04:21:11.390 [main] INFO  com.library.dao.BookDao - Book saved: Biography Insights Vol. 354
2026-07-01 04:21:11.392 [main] INFO  com.library.dao.BookDao - Book saved: Science Insights Vol. 355
2026-07-01 04:21:11.393 [main] INFO  com.library.dao.BookDao - Book saved: Philosophy Insights Vol. 356
2026-07-01 04:21:11.396 [main] INFO  com.library.dao.BookDao - Book saved: Biography Insights Vol. 357
2026-07-01 04:21:11.398 [main] INFO  com.library.dao.BookDao - Book saved: Biography Insights Vol. 358
2026-07-01 04:21:11.400 [main] INFO  com.library.dao.BookDao - Book saved: Fantasy Insights Vol. 359
2026-07-01 04:21:11.402 [main] INFO  com.library.dao.BookDao - Book saved: Biography Insights Vol. 360
2026-07-01 04:21:11.404 [main] INFO  com.library.dao.BookDao - Book saved: Mystery Insights Vol. 361
2026-07-01 04:21:11.407 [main] INFO  com.library.dao.BookDao - Book saved: Mystery Insights Vol. 362
2026-07-01 04:21:11.409 [main] INFO  com.library.dao.BookDao - Book saved: Self-Help Insights Vol. 363
2026-07-01 04:21:11.411 [main] INFO  com.library.dao.BookDao - Book saved: Science Insights Vol. 364
2026-07-01 04:21:11.413 [main] INFO  com.library.dao.BookDao - Book saved: Mathematics Insights Vol. 365
2026-07-01 04:21:11.415 [main] INFO  com.library.dao.BookDao - Book saved: Fiction Insights Vol. 366
2026-07-01 04:21:11.417 [main] INFO  com.library.dao.BookDao - Book saved: Philosophy Insights Vol. 367
2026-07-01 04:21:11.420 [main] INFO  com.library.dao.BookDao - Book saved: Biography Insights Vol. 368
2026-07-01 04:21:11.422 [main] INFO  com.library.dao.BookDao - Book saved: Mystery Insights Vol. 369
2026-07-01 04:21:11.425 [main] INFO  com.library.dao.BookDao - Book saved: Philosophy Insights Vol. 370
2026-07-01 04:21:11.427 [main] INFO  com.library.dao.BookDao - Book saved: Mathematics Insights Vol. 371
2026-07-01 04:21:11.431 [main] INFO  com.library.dao.BookDao - Book saved: Biography Insights Vol. 372
2026-07-01 04:21:11.435 [main] INFO  com.library.dao.BookDao - Book saved: Technology Insights Vol. 373
2026-07-01 04:21:11.437 [main] INFO  com.library.dao.BookDao - Book saved: Self-Help Insights Vol. 374
2026-07-01 04:21:11.440 [main] INFO  com.library.dao.BookDao - Book saved: Self-Help Insights Vol. 375
2026-07-01 04:21:11.442 [main] INFO  com.library.dao.BookDao - Book saved: Self-Help Insights Vol. 376
2026-07-01 04:21:11.444 [main] INFO  com.library.dao.BookDao - Book saved: Mathematics Insights Vol. 377
2026-07-01 04:21:11.447 [main] INFO  com.library.dao.BookDao - Book saved: Self-Help Insights Vol. 378
2026-07-01 04:21:11.450 [main] INFO  com.library.dao.BookDao - Book saved: Mystery Insights Vol. 379
2026-07-01 04:21:11.454 [main] INFO  com.library.dao.BookDao - Book saved: Fantasy Insights Vol. 380
2026-07-01 04:21:11.459 [main] INFO  com.library.dao.BookDao - Book saved: Self-Help Insights Vol. 381
2026-07-01 04:21:11.467 [main] INFO  com.library.dao.BookDao - Book saved: Fiction Insights Vol. 382
2026-07-01 04:21:11.472 [main] INFO  com.library.dao.BookDao - Book saved: Philosophy Insights Vol. 383
2026-07-01 04:21:11.478 [main] INFO  com.library.dao.BookDao - Book saved: Fiction Insights Vol. 384
2026-07-01 04:21:11.480 [main] INFO  com.library.dao.BookDao - Book saved: Fantasy Insights Vol. 385
2026-07-01 04:21:11.482 [main] INFO  com.library.dao.BookDao - Book saved: Self-Help Insights Vol. 386
2026-07-01 04:21:11.483 [main] INFO  com.library.dao.BookDao - Book saved: Philosophy Insights Vol. 387
2026-07-01 04:21:11.485 [main] INFO  com.library.dao.BookDao - Book saved: Fantasy Insights Vol. 388
2026-07-01 04:21:11.488 [main] INFO  com.library.dao.BookDao - Book saved: History Insights Vol. 389
2026-07-01 04:21:11.490 [main] INFO  com.library.dao.BookDao - Book saved: Mystery Insights Vol. 390
2026-07-01 04:21:11.493 [main] INFO  com.library.dao.BookDao - Book saved: Technology Insights Vol. 391
2026-07-01 04:21:11.495 [main] INFO  com.library.dao.BookDao - Book saved: Fiction Insights Vol. 392
2026-07-01 04:21:11.497 [main] INFO  com.library.dao.BookDao - Book saved: Self-Help Insights Vol. 393
2026-07-01 04:21:11.499 [main] INFO  com.library.dao.BookDao - Book saved: Fantasy Insights Vol. 394
2026-07-01 04:21:11.501 [main] INFO  com.library.dao.BookDao - Book saved: History Insights Vol. 395
2026-07-01 04:21:11.504 [main] INFO  com.library.dao.BookDao - Book saved: Philosophy Insights Vol. 396
2026-07-01 04:21:11.506 [main] INFO  com.library.dao.BookDao - Book saved: Science Insights Vol. 397
2026-07-01 04:21:11.510 [main] INFO  com.library.dao.BookDao - Book saved: Fantasy Insights Vol. 398
2026-07-01 04:21:11.513 [main] INFO  com.library.dao.BookDao - Book saved: Mathematics Insights Vol. 399
2026-07-01 04:21:11.516 [main] INFO  com.library.dao.BookDao - Book saved: Mathematics Insights Vol. 400
2026-07-01 04:21:11.522 [main] INFO  com.library.dao.BookDao - Book saved: Fiction Insights Vol. 401
2026-07-01 04:21:11.526 [main] INFO  com.library.dao.BookDao - Book saved: Philosophy Insights Vol. 402
2026-07-01 04:21:11.530 [main] INFO  com.library.dao.BookDao - Book saved: Mystery Insights Vol. 403
2026-07-01 04:21:11.533 [main] INFO  com.library.dao.BookDao - Book saved: Biography Insights Vol. 404
2026-07-01 04:21:11.536 [main] INFO  com.library.dao.BookDao - Book saved: Fiction Insights Vol. 405
2026-07-01 04:21:11.538 [main] INFO  com.library.dao.BookDao - Book saved: Mystery Insights Vol. 406
2026-07-01 04:21:11.541 [main] INFO  com.library.dao.BookDao - Book saved: Fantasy Insights Vol. 407
2026-07-01 04:21:11.544 [main] INFO  com.library.dao.BookDao - Book saved: Self-Help Insights Vol. 408
2026-07-01 04:21:11.546 [main] INFO  com.library.dao.BookDao - Book saved: Self-Help Insights Vol. 409
2026-07-01 04:21:11.550 [main] INFO  com.library.dao.BookDao - Book saved: Science Insights Vol. 410
2026-07-01 04:21:11.555 [main] INFO  com.library.dao.BookDao - Book saved: Mystery Insights Vol. 411
2026-07-01 04:21:11.557 [main] INFO  com.library.dao.BookDao - Book saved: Philosophy Insights Vol. 412
2026-07-01 04:21:11.559 [main] INFO  com.library.dao.BookDao - Book saved: History Insights Vol. 413
2026-07-01 04:21:11.561 [main] INFO  com.library.dao.BookDao - Book saved: Mathematics Insights Vol. 414
2026-07-01 04:21:11.563 [main] INFO  com.library.dao.BookDao - Book saved: Mystery Insights Vol. 415
2026-07-01 04:21:11.564 [main] INFO  com.library.dao.BookDao - Book saved: Philosophy Insights Vol. 416
2026-07-01 04:21:11.567 [main] INFO  com.library.dao.BookDao - Book saved: Mathematics Insights Vol. 417
2026-07-01 04:21:11.569 [main] INFO  com.library.dao.BookDao - Book saved: Self-Help Insights Vol. 418
2026-07-01 04:21:11.571 [main] INFO  com.library.dao.BookDao - Book saved: Mathematics Insights Vol. 419
2026-07-01 04:21:11.575 [main] INFO  com.library.dao.BookDao - Book saved: Mystery Insights Vol. 420
2026-07-01 04:21:11.577 [main] INFO  com.library.dao.BookDao - Book saved: Fiction Insights Vol. 421
2026-07-01 04:21:11.580 [main] INFO  com.library.dao.BookDao - Book saved: Self-Help Insights Vol. 422
2026-07-01 04:21:11.582 [main] INFO  com.library.dao.BookDao - Book saved: Biography Insights Vol. 423
2026-07-01 04:21:11.585 [main] INFO  com.library.dao.BookDao - Book saved: History Insights Vol. 424
2026-07-01 04:21:11.586 [main] INFO  com.library.dao.BookDao - Book saved: History Insights Vol. 425
2026-07-01 04:21:11.588 [main] INFO  com.library.dao.BookDao - Book saved: Self-Help Insights Vol. 426
2026-07-01 04:21:11.590 [main] INFO  com.library.dao.BookDao - Book saved: Mystery Insights Vol. 427
2026-07-01 04:21:11.591 [main] INFO  com.library.dao.BookDao - Book saved: Fiction Insights Vol. 428
2026-07-01 04:21:11.593 [main] INFO  com.library.dao.BookDao - Book saved: Mathematics Insights Vol. 429
2026-07-01 04:21:11.596 [main] INFO  com.library.dao.BookDao - Book saved: History Insights Vol. 430
2026-07-01 04:21:11.598 [main] INFO  com.library.dao.BookDao - Book saved: Mystery Insights Vol. 431
2026-07-01 04:21:11.599 [main] INFO  com.library.dao.BookDao - Book saved: Science Insights Vol. 432
2026-07-01 04:21:11.601 [main] INFO  com.library.dao.BookDao - Book saved: Mystery Insights Vol. 433
2026-07-01 04:21:11.603 [main] INFO  com.library.dao.BookDao - Book saved: Technology Insights Vol. 434
2026-07-01 04:21:11.604 [main] INFO  com.library.dao.BookDao - Book saved: Science Insights Vol. 435
2026-07-01 04:21:11.606 [main] INFO  com.library.dao.BookDao - Book saved: Mystery Insights Vol. 436
2026-07-01 04:21:11.609 [main] INFO  com.library.dao.BookDao - Book saved: Mystery Insights Vol. 437
2026-07-01 04:21:11.612 [main] INFO  com.library.dao.BookDao - Book saved: Fiction Insights Vol. 438
2026-07-01 04:21:11.614 [main] INFO  com.library.dao.BookDao - Book saved: Self-Help Insights Vol. 439
2026-07-01 04:21:11.617 [main] INFO  com.library.dao.BookDao - Book saved: Philosophy Insights Vol. 440
2026-07-01 04:21:11.619 [main] INFO  com.library.dao.BookDao - Book saved: Mathematics Insights Vol. 441
2026-07-01 04:21:11.621 [main] INFO  com.library.dao.BookDao - Book saved: Mystery Insights Vol. 442
2026-07-01 04:21:11.623 [main] INFO  com.library.dao.BookDao - Book saved: Technology Insights Vol. 443
2026-07-01 04:21:11.625 [main] INFO  com.library.dao.BookDao - Book saved: Fantasy Insights Vol. 444
2026-07-01 04:21:11.628 [main] INFO  com.library.dao.BookDao - Book saved: Technology Insights Vol. 445
2026-07-01 04:21:11.630 [main] INFO  com.library.dao.BookDao - Book saved: Philosophy Insights Vol. 446
2026-07-01 04:21:11.633 [main] INFO  com.library.dao.BookDao - Book saved: Science Insights Vol. 447
2026-07-01 04:21:11.635 [main] INFO  com.library.dao.BookDao - Book saved: Fantasy Insights Vol. 448
2026-07-01 04:21:11.640 [main] INFO  com.library.dao.BookDao - Book saved: Fantasy Insights Vol. 449
2026-07-01 04:21:11.642 [main] INFO  com.library.dao.BookDao - Book saved: History Insights Vol. 450
2026-07-01 04:21:11.644 [main] INFO  com.library.dao.BookDao - Book saved: Fiction Insights Vol. 451
2026-07-01 04:21:11.646 [main] INFO  com.library.dao.BookDao - Book saved: Self-Help Insights Vol. 452
2026-07-01 04:21:11.648 [main] INFO  com.library.dao.BookDao - Book saved: Science Insights Vol. 453
2026-07-01 04:21:11.649 [main] INFO  com.library.dao.BookDao - Book saved: Self-Help Insights Vol. 454
2026-07-01 04:21:11.651 [main] INFO  com.library.dao.BookDao - Book saved: Science Insights Vol. 455
2026-07-01 04:21:11.655 [main] INFO  com.library.dao.BookDao - Book saved: Self-Help Insights Vol. 456
2026-07-01 04:21:11.658 [main] INFO  com.library.dao.BookDao - Book saved: Science Insights Vol. 457
2026-07-01 04:21:11.662 [main] INFO  com.library.dao.BookDao - Book saved: Philosophy Insights Vol. 458
2026-07-01 04:21:11.665 [main] INFO  com.library.dao.BookDao - Book saved: Technology Insights Vol. 459
2026-07-01 04:21:11.670 [main] INFO  com.library.dao.BookDao - Book saved: Mathematics Insights Vol. 460
2026-07-01 04:21:11.673 [main] INFO  com.library.dao.BookDao - Book saved: History Insights Vol. 461
2026-07-01 04:21:11.675 [main] INFO  com.library.dao.BookDao - Book saved: Technology Insights Vol. 462
2026-07-01 04:21:11.680 [main] INFO  com.library.dao.BookDao - Book saved: Biography Insights Vol. 463
2026-07-01 04:21:11.683 [main] INFO  com.library.dao.BookDao - Book saved: Mystery Insights Vol. 464
2026-07-01 04:21:11.686 [main] INFO  com.library.dao.BookDao - Book saved: Self-Help Insights Vol. 465
2026-07-01 04:21:11.688 [main] INFO  com.library.dao.BookDao - Book saved: Mathematics Insights Vol. 466
2026-07-01 04:21:11.691 [main] INFO  com.library.dao.BookDao - Book saved: Mystery Insights Vol. 467
2026-07-01 04:21:11.694 [main] INFO  com.library.dao.BookDao - Book saved: Science Insights Vol. 468
2026-07-01 04:21:11.698 [main] INFO  com.library.dao.BookDao - Book saved: Fiction Insights Vol. 469
2026-07-01 04:21:11.700 [main] INFO  com.library.dao.BookDao - Book saved: History Insights Vol. 470
2026-07-01 04:21:11.702 [main] INFO  com.library.dao.BookDao - Book saved: Fantasy Insights Vol. 471
2026-07-01 04:21:11.704 [main] INFO  com.library.dao.BookDao - Book saved: Mystery Insights Vol. 472
2026-07-01 04:21:11.706 [main] INFO  com.library.dao.BookDao - Book saved: Mystery Insights Vol. 473
2026-07-01 04:21:11.708 [main] INFO  com.library.dao.BookDao - Book saved: History Insights Vol. 474
2026-07-01 04:21:11.710 [main] INFO  com.library.dao.BookDao - Book saved: Fiction Insights Vol. 475
2026-07-01 04:21:11.712 [main] INFO  com.library.dao.BookDao - Book saved: Science Insights Vol. 476
2026-07-01 04:21:11.715 [main] INFO  com.library.dao.BookDao - Book saved: Technology Insights Vol. 477
2026-07-01 04:21:11.717 [main] INFO  com.library.dao.BookDao - Book saved: Fantasy Insights Vol. 478
2026-07-01 04:21:11.719 [main] INFO  com.library.dao.BookDao - Book saved: Technology Insights Vol. 479
2026-07-01 04:21:11.720 [main] INFO  com.library.dao.BookDao - Book saved: Mathematics Insights Vol. 480
2026-07-01 04:21:11.722 [main] INFO  com.library.dao.BookDao - Book saved: Fantasy Insights Vol. 481
2026-07-01 04:21:11.724 [main] INFO  com.library.dao.BookDao - Book saved: Philosophy Insights Vol. 482
2026-07-01 04:21:11.727 [main] INFO  com.library.dao.BookDao - Book saved: Technology Insights Vol. 483
2026-07-01 04:21:11.730 [main] INFO  com.library.dao.BookDao - Book saved: Fiction Insights Vol. 484
2026-07-01 04:21:11.733 [main] INFO  com.library.dao.BookDao - Book saved: Technology Insights Vol. 485
2026-07-01 04:21:11.739 [main] INFO  com.library.dao.BookDao - Book saved: Biography Insights Vol. 486
2026-07-01 04:21:11.742 [main] INFO  com.library.dao.BookDao - Book saved: Science Insights Vol. 487
2026-07-01 04:21:11.746 [main] INFO  com.library.dao.BookDao - Book saved: History Insights Vol. 488
2026-07-01 04:21:11.748 [main] INFO  com.library.dao.BookDao - Book saved: Fantasy Insights Vol. 489
2026-07-01 04:21:11.751 [main] INFO  com.library.dao.BookDao - Book saved: History Insights Vol. 490
2026-07-01 04:21:11.756 [main] INFO  com.library.dao.BookDao - Book saved: Biography Insights Vol. 491
2026-07-01 04:21:11.759 [main] INFO  com.library.dao.BookDao - Book saved: Self-Help Insights Vol. 492
2026-07-01 04:21:11.762 [main] INFO  com.library.dao.BookDao - Book saved: Self-Help Insights Vol. 493
2026-07-01 04:21:11.765 [main] INFO  com.library.dao.BookDao - Book saved: Mystery Insights Vol. 494
2026-07-01 04:21:11.768 [main] INFO  com.library.dao.BookDao - Book saved: Biography Insights Vol. 495
2026-07-01 04:21:11.772 [main] INFO  com.library.dao.BookDao - Book saved: Fiction Insights Vol. 496
2026-07-01 04:21:11.777 [main] INFO  com.library.dao.BookDao - Book saved: Science Insights Vol. 497
2026-07-01 04:21:11.781 [main] INFO  com.library.dao.BookDao - Book saved: Philosophy Insights Vol. 498
2026-07-01 04:21:11.784 [main] INFO  com.library.dao.BookDao - Book saved: History Insights Vol. 499
2026-07-01 04:21:11.788 [main] INFO  com.library.dao.BookDao - Book saved: Biography Insights Vol. 500
2026-07-01 04:21:11.788 [main] INFO  com.library.util.DataSeeder - Seeded 500 books.
2026-07-01 04:21:11.792 [main] INFO  com.library.util.DataSeeder - Seeding 120 demo members...
2026-07-01 04:21:11.849 [main] INFO  com.library.dao.MemberDao - Member registered: Priya Rao (MEM671833)
2026-07-01 04:21:11.853 [main] INFO  com.library.dao.MemberDao - Member registered: Sai Menon (MEM671849)
2026-07-01 04:21:11.857 [main] INFO  com.library.dao.MemberDao - Member registered: Kabir Reddy (MEM671855)
2026-07-01 04:21:11.859 [main] INFO  com.library.dao.MemberDao - Member registered: Ishaan Nair (MEM671857)
2026-07-01 04:21:11.862 [main] INFO  com.library.dao.MemberDao - Member registered: Sai Nair (MEM671859)
2026-07-01 04:21:11.865 [main] INFO  com.library.dao.MemberDao - Member registered: Sneha Mehta (MEM671862)
2026-07-01 04:21:11.869 [main] INFO  com.library.dao.MemberDao - Member registered: Sai Mehta (MEM671867)
2026-07-01 04:21:11.875 [main] INFO  com.library.dao.MemberDao - Member registered: Sneha Verma (MEM671871)
2026-07-01 04:21:11.882 [main] INFO  com.library.dao.MemberDao - Member registered: Ananya Verma (MEM671877)
2026-07-01 04:21:11.887 [main] INFO  com.library.dao.MemberDao - Member registered: Vivaan Nair (MEM671882)
2026-07-01 04:21:11.890 [main] INFO  com.library.dao.MemberDao - Member registered: Rohan Menon (MEM671887)
2026-07-01 04:21:11.896 [main] INFO  com.library.dao.MemberDao - Member registered: Sneha Sharma (MEM671892)
2026-07-01 04:21:11.899 [main] INFO  com.library.dao.MemberDao - Member registered: Rohan Chowdhury (MEM671897)
2026-07-01 04:21:11.902 [main] INFO  com.library.dao.MemberDao - Member registered: Ishaan Mehta (MEM671899)
2026-07-01 04:21:11.904 [main] INFO  com.library.dao.MemberDao - Member registered: Meera Gupta (MEM671902)
2026-07-01 04:21:11.906 [main] INFO  com.library.dao.MemberDao - Member registered: Sneha Chowdhury (MEM671904)
2026-07-01 04:21:11.908 [main] INFO  com.library.dao.MemberDao - Member registered: Ananya Rao (MEM671906)
2026-07-01 04:21:11.913 [main] INFO  com.library.dao.MemberDao - Member registered: Sai Kumar (MEM671908)
2026-07-01 04:21:11.915 [main] INFO  com.library.dao.MemberDao - Member registered: Ishaan Gupta (MEM671913)
2026-07-01 04:21:11.917 [main] INFO  com.library.dao.MemberDao - Member registered: Sneha Chowdhury (MEM671915)
2026-07-01 04:21:11.919 [main] INFO  com.library.dao.MemberDao - Member registered: Ishaan Chowdhury (MEM671917)
2026-07-01 04:21:11.921 [main] INFO  com.library.dao.MemberDao - Member registered: Sneha Iyer (MEM671919)
2026-07-01 04:21:11.923 [main] INFO  com.library.dao.MemberDao - Member registered: Aarav Menon (MEM671921)
2026-07-01 04:21:11.925 [main] INFO  com.library.dao.MemberDao - Member registered: Priya Verma (MEM671923)
2026-07-01 04:21:11.927 [main] INFO  com.library.dao.MemberDao - Member registered: Sneha Nair (MEM671925)
2026-07-01 04:21:11.930 [main] INFO  com.library.dao.MemberDao - Member registered: Neha Kumar (MEM671927)
2026-07-01 04:21:11.932 [main] INFO  com.library.dao.MemberDao - Member registered: Aarav Rao (MEM671930)
2026-07-01 04:21:11.934 [main] INFO  com.library.dao.MemberDao - Member registered: Aarav Menon (MEM671932)
2026-07-01 04:21:11.936 [main] INFO  com.library.dao.MemberDao - Member registered: Ananya Iyer (MEM671934)
2026-07-01 04:21:11.938 [main] INFO  com.library.dao.MemberDao - Member registered: Arjun Reddy (MEM671937)
2026-07-01 04:21:11.942 [main] INFO  com.library.dao.MemberDao - Member registered: Ishaan Nair (MEM671938)
2026-07-01 04:21:11.944 [main] INFO  com.library.dao.MemberDao - Member registered: Kabir Chowdhury (MEM671942)
2026-07-01 04:21:11.946 [main] INFO  com.library.dao.MemberDao - Member registered: Arjun Reddy (MEM671944)
2026-07-01 04:21:11.948 [main] INFO  com.library.dao.MemberDao - Member registered: Kabir Nair (MEM671946)
2026-07-01 04:21:11.950 [main] INFO  com.library.dao.MemberDao - Member registered: Ananya Das (MEM671948)
2026-07-01 04:21:11.951 [main] INFO  com.library.dao.MemberDao - Member registered: Sneha Mehta (MEM671950)
2026-07-01 04:21:11.953 [main] INFO  com.library.dao.MemberDao - Member registered: Ishaan Das (MEM671952)
2026-07-01 04:21:11.956 [main] INFO  com.library.dao.MemberDao - Member registered: Meera Iyer (MEM671954)
2026-07-01 04:21:11.959 [main] INFO  com.library.dao.MemberDao - Member registered: Vivaan Rao (MEM671956)
2026-07-01 04:21:11.960 [main] INFO  com.library.dao.MemberDao - Member registered: Aarav Mehta (MEM671959)
2026-07-01 04:21:11.962 [main] INFO  com.library.dao.MemberDao - Member registered: Rohan Rao (MEM671961)
2026-07-01 04:21:11.964 [main] INFO  com.library.dao.MemberDao - Member registered: Arjun Das (MEM671963)
2026-07-01 04:21:11.966 [main] INFO  com.library.dao.MemberDao - Member registered: Ishaan Iyer (MEM671964)
2026-07-01 04:21:11.970 [main] INFO  com.library.dao.MemberDao - Member registered: Aditya Chowdhury (MEM671966)
2026-07-01 04:21:11.972 [main] INFO  com.library.dao.MemberDao - Member registered: Meera Gupta (MEM671970)
2026-07-01 04:21:11.973 [main] INFO  com.library.dao.MemberDao - Member registered: Riya Sharma (MEM671972)
2026-07-01 04:21:11.976 [main] INFO  com.library.dao.MemberDao - Member registered: Riya Mehta (MEM671973)
2026-07-01 04:21:11.977 [main] INFO  com.library.dao.MemberDao - Member registered: Rohan Iyer (MEM671976)
2026-07-01 04:21:11.980 [main] INFO  com.library.dao.MemberDao - Member registered: Priya Gupta (MEM671977)
2026-07-01 04:21:11.981 [main] INFO  com.library.dao.MemberDao - Member registered: Neha Mehta (MEM671980)
2026-07-01 04:21:11.983 [main] INFO  com.library.dao.MemberDao - Member registered: Neha Das (MEM671981)
2026-07-01 04:21:11.988 [main] INFO  com.library.dao.MemberDao - Member registered: Arjun Rao (MEM671983)
2026-07-01 04:21:11.990 [main] INFO  com.library.dao.MemberDao - Member registered: Aditya Nair (MEM671988)
2026-07-01 04:21:11.992 [main] INFO  com.library.dao.MemberDao - Member registered: Meera Sharma (MEM671990)
2026-07-01 04:21:11.993 [main] INFO  com.library.dao.MemberDao - Member registered: Rohan Iyer (MEM671992)
2026-07-01 04:21:11.995 [main] INFO  com.library.dao.MemberDao - Member registered: Neha Das (MEM671993)
2026-07-01 04:21:11.998 [main] INFO  com.library.dao.MemberDao - Member registered: Sai Reddy (MEM671995)
2026-07-01 04:21:12.000 [main] INFO  com.library.dao.MemberDao - Member registered: Rohan Kumar (MEM671998)
2026-07-01 04:21:12.002 [main] INFO  com.library.dao.MemberDao - Member registered: Arjun Gupta (MEM672000)
2026-07-01 04:21:12.005 [main] INFO  com.library.dao.MemberDao - Member registered: Ishaan Mehta (MEM672002)
2026-07-01 04:21:12.008 [main] INFO  com.library.dao.MemberDao - Member registered: Vivaan Rao (MEM672005)
2026-07-01 04:21:12.010 [main] INFO  com.library.dao.MemberDao - Member registered: Neha Rao (MEM672008)
2026-07-01 04:21:12.012 [main] INFO  com.library.dao.MemberDao - Member registered: Aditya Menon (MEM672010)
2026-07-01 04:21:12.013 [main] INFO  com.library.dao.MemberDao - Member registered: Ananya Menon (MEM672012)
2026-07-01 04:21:12.015 [main] INFO  com.library.dao.MemberDao - Member registered: Priya Gupta (MEM672014)
2026-07-01 04:21:12.017 [main] INFO  com.library.dao.MemberDao - Member registered: Priya Iyer (MEM672015)
2026-07-01 04:21:12.019 [main] INFO  com.library.dao.MemberDao - Member registered: Riya Verma (MEM672017)
2026-07-01 04:21:12.021 [main] INFO  com.library.dao.MemberDao - Member registered: Priya Verma (MEM672019)
2026-07-01 04:21:12.022 [main] INFO  com.library.dao.MemberDao - Member registered: Aarav Nair (MEM672021)
2026-07-01 04:21:12.025 [main] INFO  com.library.dao.MemberDao - Member registered: Sneha Mehta (MEM672023)
2026-07-01 04:21:12.028 [main] INFO  com.library.dao.MemberDao - Member registered: Priya Rao (MEM672025)
2026-07-01 04:21:12.029 [main] INFO  com.library.dao.MemberDao - Member registered: Neha Gupta (MEM672028)
2026-07-01 04:21:12.031 [main] INFO  com.library.dao.MemberDao - Member registered: Kabir Iyer (MEM672030)
2026-07-01 04:21:12.033 [main] INFO  com.library.dao.MemberDao - Member registered: Riya Rao (MEM672031)
2026-07-01 04:21:12.034 [main] INFO  com.library.dao.MemberDao - Member registered: Sneha Reddy (MEM672033)
2026-07-01 04:21:12.036 [main] INFO  com.library.dao.MemberDao - Member registered: Neha Sharma (MEM672035)
2026-07-01 04:21:12.038 [main] INFO  com.library.dao.MemberDao - Member registered: Diya Sharma (MEM672037)
2026-07-01 04:21:12.040 [main] INFO  com.library.dao.MemberDao - Member registered: Kabir Kumar (MEM672038)
2026-07-01 04:21:12.041 [main] INFO  com.library.dao.MemberDao - Member registered: Aditya Iyer (MEM672040)
2026-07-01 04:21:12.043 [main] INFO  com.library.dao.MemberDao - Member registered: Sai Nair (MEM672041)
2026-07-01 04:21:12.066 [main] INFO  com.library.dao.MemberDao - Member registered: Priya Rao (MEM672043)
2026-07-01 04:21:12.068 [main] INFO  com.library.dao.MemberDao - Member registered: Sneha Chowdhury (MEM672066)
2026-07-01 04:21:12.071 [main] INFO  com.library.dao.MemberDao - Member registered: Ananya Nair (MEM672068)
2026-07-01 04:21:12.074 [main] INFO  com.library.dao.MemberDao - Member registered: Riya Gupta (MEM672071)
2026-07-01 04:21:12.075 [main] INFO  com.library.dao.MemberDao - Member registered: Sneha Das (MEM672074)
2026-07-01 04:21:12.077 [main] INFO  com.library.dao.MemberDao - Member registered: Priya Verma (MEM672075)
2026-07-01 04:21:12.078 [main] INFO  com.library.dao.MemberDao - Member registered: Arjun Reddy (MEM672077)
2026-07-01 04:21:12.081 [main] INFO  com.library.dao.MemberDao - Member registered: Aarav Chowdhury (MEM672079)
2026-07-01 04:21:12.083 [main] INFO  com.library.dao.MemberDao - Member registered: Sneha Rao (MEM672081)
2026-07-01 04:21:12.085 [main] INFO  com.library.dao.MemberDao - Member registered: Ananya Chowdhury (MEM672083)
2026-07-01 04:21:12.087 [main] INFO  com.library.dao.MemberDao - Member registered: Sai Mehta (MEM672085)
2026-07-01 04:21:12.090 [main] INFO  com.library.dao.MemberDao - Member registered: Meera Rao (MEM672088)
2026-07-01 04:21:12.092 [main] INFO  com.library.dao.MemberDao - Member registered: Ishaan Mehta (MEM672090)
2026-07-01 04:21:12.094 [main] INFO  com.library.dao.MemberDao - Member registered: Arjun Reddy (MEM672092)
2026-07-01 04:21:12.097 [main] INFO  com.library.dao.MemberDao - Member registered: Ishaan Rao (MEM672094)
2026-07-01 04:21:12.099 [main] INFO  com.library.dao.MemberDao - Member registered: Sneha Sharma (MEM672097)
2026-07-01 04:21:12.101 [main] INFO  com.library.dao.MemberDao - Member registered: Meera Iyer (MEM672099)
2026-07-01 04:21:12.104 [main] INFO  com.library.dao.MemberDao - Member registered: Kabir Kumar (MEM672101)
2026-07-01 04:21:12.106 [main] INFO  com.library.dao.MemberDao - Member registered: Priya Chowdhury (MEM672104)
2026-07-01 04:21:12.108 [main] INFO  com.library.dao.MemberDao - Member registered: Aditya Menon (MEM672106)
2026-07-01 04:21:12.111 [main] INFO  com.library.dao.MemberDao - Member registered: Ishaan Chowdhury (MEM672108)
2026-07-01 04:21:12.112 [main] INFO  com.library.dao.MemberDao - Member registered: Aarav Kumar (MEM672111)
2026-07-01 04:21:12.114 [main] INFO  com.library.dao.MemberDao - Member registered: Meera Mehta (MEM672113)
2026-07-01 04:21:12.116 [main] INFO  com.library.dao.MemberDao - Member registered: Aditya Iyer (MEM672114)
2026-07-01 04:21:12.118 [main] INFO  com.library.dao.MemberDao - Member registered: Sneha Sharma (MEM672116)
2026-07-01 04:21:12.119 [main] INFO  com.library.dao.MemberDao - Member registered: Rohan Chowdhury (MEM672118)
2026-07-01 04:21:12.121 [main] INFO  com.library.dao.MemberDao - Member registered: Riya Reddy (MEM672119)
2026-07-01 04:21:12.124 [main] INFO  com.library.dao.MemberDao - Member registered: Meera Mehta (MEM672121)
2026-07-01 04:21:12.126 [main] INFO  com.library.dao.MemberDao - Member registered: Ananya Reddy (MEM672125)
2026-07-01 04:21:12.128 [main] INFO  com.library.dao.MemberDao - Member registered: Meera Das (MEM672127)
2026-07-01 04:21:12.131 [main] INFO  com.library.dao.MemberDao - Member registered: Rohan Mehta (MEM672128)
2026-07-01 04:21:12.134 [main] INFO  com.library.dao.MemberDao - Member registered: Vivaan Mehta (MEM672131)
2026-07-01 04:21:12.136 [main] INFO  com.library.dao.MemberDao - Member registered: Ananya Kumar (MEM672134)
2026-07-01 04:21:12.138 [main] INFO  com.library.dao.MemberDao - Member registered: Sai Das (MEM672136)
2026-07-01 04:21:12.140 [main] INFO  com.library.dao.MemberDao - Member registered: Ananya Gupta (MEM672138)
2026-07-01 04:21:12.142 [main] INFO  com.library.dao.MemberDao - Member registered: Aarav Chowdhury (MEM672140)
2026-07-01 04:21:12.146 [main] INFO  com.library.dao.MemberDao - Member registered: Sneha Menon (MEM672143)
2026-07-01 04:21:12.148 [main] INFO  com.library.dao.MemberDao - Member registered: Neha Mehta (MEM672146)
2026-07-01 04:21:12.150 [main] INFO  com.library.dao.MemberDao - Member registered: Aarav Kumar (MEM672148)
2026-07-01 04:21:12.151 [main] INFO  com.library.dao.MemberDao - Member registered: Arjun Reddy (MEM672150)
2026-07-01 04:21:12.151 [main] INFO  com.library.util.DataSeeder - Seeded 120 members.
2026-07-01 04:21:12.239 [main] INFO  com.library.service.AuthService - User logged in: admin (ADMIN)
2026-07-01 04:21:12.255 [main] INFO  com.library.util.DatabaseConnection - Database connection pool shut down
2026-07-01 11:37:32.441 [main] INFO  com.library.util.DatabaseConnection - Database connection pool initialized for jdbc:oracle:thin:@localhost:1521/XEPDB1
2026-07-01 11:37:32.530 [main] ERROR com.library.Main - Failed to seed database. Check DB connection settings.
java.sql.SQLSyntaxErrorException: ORA-00942: table or view does not exist

https://docs.oracle.com/error-help/db/ora-00942/
	at oracle.jdbc.driver.T4CTTIoer11.processError(T4CTTIoer11.java:709)
	at oracle.jdbc.driver.T4CTTIoer11.processError(T4CTTIoer11.java:609)
	at oracle.jdbc.driver.T4C8Oall.processError(T4C8Oall.java:1347)
	at oracle.jdbc.driver.T4CTTIfun.receive(T4CTTIfun.java:1101)
	at oracle.jdbc.driver.T4CTTIfun.doRPC(T4CTTIfun.java:409)
	at oracle.jdbc.driver.T4C8Oall.doOALL(T4C8Oall.java:499)
	at oracle.jdbc.driver.T4CPreparedStatement.doOall8(T4CPreparedStatement.java:274)
	at oracle.jdbc.driver.T4CPreparedStatement.executeForDescribe(T4CPreparedStatement.java:1216)
	at oracle.jdbc.driver.OracleStatement.prepareDefineBufferAndExecute(OracleStatement.java:1399)
	at oracle.jdbc.driver.OracleStatement.executeMaybeDescribe(OracleStatement.java:1273)
	at oracle.jdbc.driver.OracleStatement.executeSQLSelect(OracleStatement.java:1830)
	at oracle.jdbc.driver.OracleStatement.doExecuteWithTimeout(OracleStatement.java:1606)
	at oracle.jdbc.driver.OraclePreparedStatement.executeInternal(OraclePreparedStatement.java:3953)
	at oracle.jdbc.driver.OraclePreparedStatement.executeQuery(OraclePreparedStatement.java:4140)
	at oracle.jdbc.driver.OraclePreparedStatementWrapper.executeQuery(OraclePreparedStatementWrapper.java:1103)
	at com.zaxxer.hikari.pool.ProxyPreparedStatement.executeQuery(ProxyPreparedStatement.java:52)
	at com.zaxxer.hikari.pool.HikariProxyPreparedStatement.executeQuery(HikariProxyPreparedStatement.java)
	at com.library.dao.UserDao.findByUsername(UserDao.java:47)
	at com.library.util.DataSeeder.seedIfEmpty(DataSeeder.java:50)
	at com.library.Main.main(Main.java:17)
Caused by: oracle.jdbc.OracleDatabaseException: ORA-00942: table or view does not exist

	at oracle.jdbc.driver.T4CTTIoer11.processError(T4CTTIoer11.java:717)
	... 19 common frames omitted
2026-07-01 11:56:27.743 [main] INFO  com.library.util.DatabaseConnection - Database connection pool initialized for jdbc:oracle:thin:@localhost:1521/XEPDB1
2026-07-01 11:56:28.004 [main] ERROR com.library.Main - Failed to seed database. Check DB connection settings.
java.sql.SQLException: ORA-17006: Invalid column name
https://docs.oracle.com/error-help/db/ora-17006/
	at oracle.jdbc.driver.OracleStatement.getColumnIndexPrimitive(OracleStatement.java:4975)
	at oracle.jdbc.driver.OracleStatement.getColumnIndex(OracleStatement.java:4933)
	at oracle.jdbc.driver.InsensitiveScrollableResultSet.findColumn(InsensitiveScrollableResultSet.java:385)
	at oracle.jdbc.driver.GeneratedResultSet.getInt(GeneratedResultSet.java:608)
	at com.zaxxer.hikari.pool.HikariProxyResultSet.getInt(HikariProxyResultSet.java)
	at com.library.dao.UserDao.mapRow(UserDao.java:90)
	at com.library.dao.UserDao.findByUsername(UserDao.java:48)
	at com.library.util.DataSeeder.seedIfEmpty(DataSeeder.java:50)
	at com.library.Main.main(Main.java:17)
2026-07-01 12:00:39.734 [main] INFO  com.library.util.DatabaseConnection - Database connection pool initialized for jdbc:oracle:thin:@localhost:1521/XEPDB1
2026-07-01 12:00:40.048 [main] ERROR com.library.Main - Failed to seed database. Check DB connection settings.
java.sql.SQLSyntaxErrorException: ORA-00942: table or view does not exist

https://docs.oracle.com/error-help/db/ora-00942/
	at oracle.jdbc.driver.T4CTTIoer11.processError(T4CTTIoer11.java:709)
	at oracle.jdbc.driver.T4CTTIoer11.processError(T4CTTIoer11.java:609)
	at oracle.jdbc.driver.T4C8Oall.processError(T4C8Oall.java:1347)
	at oracle.jdbc.driver.T4CTTIfun.receive(T4CTTIfun.java:1101)
	at oracle.jdbc.driver.T4CTTIfun.doRPC(T4CTTIfun.java:409)
	at oracle.jdbc.driver.T4C8Oall.doOALL(T4C8Oall.java:499)
	at oracle.jdbc.driver.T4CPreparedStatement.doOall8(T4CPreparedStatement.java:274)
	at oracle.jdbc.driver.T4CPreparedStatement.executeForDescribe(T4CPreparedStatement.java:1216)
	at oracle.jdbc.driver.OracleStatement.prepareDefineBufferAndExecute(OracleStatement.java:1399)
	at oracle.jdbc.driver.OracleStatement.executeMaybeDescribe(OracleStatement.java:1273)
	at oracle.jdbc.driver.OracleStatement.executeSQLSelect(OracleStatement.java:1830)
	at oracle.jdbc.driver.OracleStatement.doExecuteWithTimeout(OracleStatement.java:1606)
	at oracle.jdbc.driver.OraclePreparedStatement.executeInternal(OraclePreparedStatement.java:3953)
	at oracle.jdbc.driver.OraclePreparedStatement.executeQuery(OraclePreparedStatement.java:4140)
	at oracle.jdbc.driver.OraclePreparedStatementWrapper.executeQuery(OraclePreparedStatementWrapper.java:1103)
	at com.zaxxer.hikari.pool.ProxyPreparedStatement.executeQuery(ProxyPreparedStatement.java:52)
	at com.zaxxer.hikari.pool.HikariProxyPreparedStatement.executeQuery(HikariProxyPreparedStatement.java)
	at com.library.dao.BookDao.count(BookDao.java:186)
	at com.library.util.DataSeeder.seedIfEmpty(DataSeeder.java:58)
	at com.library.Main.main(Main.java:17)
Caused by: oracle.jdbc.OracleDatabaseException: ORA-00942: table or view does not exist

	at oracle.jdbc.driver.T4CTTIoer11.processError(T4CTTIoer11.java:717)
	... 19 common frames omitted
2026-07-01 12:04:36.321 [main] INFO  com.library.util.DatabaseConnection - Database connection pool initialized for jdbc:oracle:thin:@localhost:1521/XEPDB1
2026-07-01 12:04:36.722 [main] INFO  com.library.util.DataSeeder - Seeding 500 demo books...
2026-07-01 12:04:36.745 [main] ERROR com.library.Main - Failed to seed database. Check DB connection settings.
java.sql.SQLSyntaxErrorException: ORA-00904: "PUBLISH_YEAR": invalid identifier

https://docs.oracle.com/error-help/db/ora-00904/
	at oracle.jdbc.driver.T4CTTIoer11.processError(T4CTTIoer11.java:709)
	at oracle.jdbc.driver.T4CTTIoer11.processError(T4CTTIoer11.java:609)
	at oracle.jdbc.driver.T4C8Oall.processError(T4C8Oall.java:1347)
	at oracle.jdbc.driver.T4CTTIfun.receive(T4CTTIfun.java:1101)
	at oracle.jdbc.driver.T4CTTIfun.doRPC(T4CTTIfun.java:409)
	at oracle.jdbc.driver.T4C8Oall.doOALL(T4C8Oall.java:499)
	at oracle.jdbc.driver.T4CPreparedStatement.doOall8(T4CPreparedStatement.java:274)
	at oracle.jdbc.driver.T4CPreparedStatement.executeForRows(T4CPreparedStatement.java:1469)
	at oracle.jdbc.driver.OracleStatement.executeSQLStatement(OracleStatement.java:1995)
	at oracle.jdbc.driver.OracleStatement.doExecuteWithTimeout(OracleStatement.java:1608)
	at oracle.jdbc.driver.OraclePreparedStatement.executeInternal(OraclePreparedStatement.java:3953)
	at oracle.jdbc.driver.OraclePreparedStatement.doExecuteLargeUpdate(OraclePreparedStatement.java:4312)
	at oracle.jdbc.driver.OraclePreparedStatement.executeLargeUpdate(OraclePreparedStatement.java:4289)
	at oracle.jdbc.driver.OraclePreparedStatement.executeUpdate(OraclePreparedStatement.java:4271)
	at oracle.jdbc.driver.OraclePreparedStatementWrapper.executeUpdate(OraclePreparedStatementWrapper.java:997)
	at com.zaxxer.hikari.pool.ProxyPreparedStatement.executeUpdate(ProxyPreparedStatement.java:61)
	at com.zaxxer.hikari.pool.HikariProxyPreparedStatement.executeUpdate(HikariProxyPreparedStatement.java)
	at com.library.dao.BookDao.save(BookDao.java:32)
	at com.library.util.DataSeeder.seedIfEmpty(DataSeeder.java:66)
	at com.library.Main.main(Main.java:17)
Caused by: oracle.jdbc.OracleDatabaseException: ORA-00904: "PUBLISH_YEAR": invalid identifier

	at oracle.jdbc.driver.T4CTTIoer11.processError(T4CTTIoer11.java:717)
	... 19 common frames omitted
2026-07-01 12:07:26.283 [main] INFO  com.library.util.DatabaseConnection - Database connection pool initialized for jdbc:oracle:thin:@localhost:1521/XEPDB1
2026-07-01 12:07:26.678 [main] ERROR com.library.Main - Failed to seed database. Check DB connection settings.
java.sql.SQLSyntaxErrorException: ORA-00942: table or view does not exist

https://docs.oracle.com/error-help/db/ora-00942/
	at oracle.jdbc.driver.T4CTTIoer11.processError(T4CTTIoer11.java:709)
	at oracle.jdbc.driver.T4CTTIoer11.processError(T4CTTIoer11.java:609)
	at oracle.jdbc.driver.T4C8Oall.processError(T4C8Oall.java:1347)
	at oracle.jdbc.driver.T4CTTIfun.receive(T4CTTIfun.java:1101)
	at oracle.jdbc.driver.T4CTTIfun.doRPC(T4CTTIfun.java:409)
	at oracle.jdbc.driver.T4C8Oall.doOALL(T4C8Oall.java:499)
	at oracle.jdbc.driver.T4CPreparedStatement.doOall8(T4CPreparedStatement.java:274)
	at oracle.jdbc.driver.T4CPreparedStatement.executeForDescribe(T4CPreparedStatement.java:1216)
	at oracle.jdbc.driver.OracleStatement.prepareDefineBufferAndExecute(OracleStatement.java:1399)
	at oracle.jdbc.driver.OracleStatement.executeMaybeDescribe(OracleStatement.java:1273)
	at oracle.jdbc.driver.OracleStatement.executeSQLSelect(OracleStatement.java:1830)
	at oracle.jdbc.driver.OracleStatement.doExecuteWithTimeout(OracleStatement.java:1606)
	at oracle.jdbc.driver.OraclePreparedStatement.executeInternal(OraclePreparedStatement.java:3953)
	at oracle.jdbc.driver.OraclePreparedStatement.executeQuery(OraclePreparedStatement.java:4140)
	at oracle.jdbc.driver.OraclePreparedStatementWrapper.executeQuery(OraclePreparedStatementWrapper.java:1103)
	at com.zaxxer.hikari.pool.ProxyPreparedStatement.executeQuery(ProxyPreparedStatement.java:52)
	at com.zaxxer.hikari.pool.HikariProxyPreparedStatement.executeQuery(HikariProxyPreparedStatement.java)
	at com.library.dao.MemberDao.count(MemberDao.java:146)
	at com.library.util.DataSeeder.seedIfEmpty(DataSeeder.java:71)
	at com.library.Main.main(Main.java:17)
Caused by: oracle.jdbc.OracleDatabaseException: ORA-00942: table or view does not exist

	at oracle.jdbc.driver.T4CTTIoer11.processError(T4CTTIoer11.java:717)
	... 19 common frames omitted
2026-07-01 12:15:27.139 [main] INFO  com.library.util.DatabaseConnection - Database connection pool initialized for jdbc:oracle:thin:@localhost:1521/XEPDB1
2026-07-01 12:15:27.556 [main] INFO  com.library.util.DataSeeder - Seeding 120 demo members...
2026-07-01 12:15:27.690 [main] ERROR com.library.Main - Failed to seed database. Check DB connection settings.
java.sql.SQLException: ORA-17132: Invalid conversion requested
https://docs.oracle.com/error-help/db/ora-17132/
	at oracle.jdbc.driver.T4CVarcharAccessor.StringToNUMBER(T4CVarcharAccessor.java:799)
	at oracle.jdbc.driver.T4CVarcharAccessor.getNUMBER(T4CVarcharAccessor.java:266)
	at oracle.jdbc.driver.T4CVarcharAccessor.getInt(T4CVarcharAccessor.java:533)
	at oracle.jdbc.driver.GeneratedStatement.getInt(GeneratedStatement.java:172)
	at oracle.jdbc.driver.GeneratedScrollableResultSet.getInt(GeneratedScrollableResultSet.java:258)
	at com.zaxxer.hikari.pool.HikariProxyResultSet.getInt(HikariProxyResultSet.java)
	at com.library.dao.MemberDao.save(MemberDao.java:38)
	at com.library.util.DataSeeder.seedIfEmpty(DataSeeder.java:81)
	at com.library.Main.main(Main.java:17)
Caused by: java.lang.NumberFormatException: Character A is neither a decimal digit number, decimal point, nor "e" notation exponential mark.
	at java.base/java.math.BigDecimal.<init>(BigDecimal.java:625)
	at java.base/java.math.BigDecimal.<init>(BigDecimal.java:514)
	at java.base/java.math.BigDecimal.<init>(BigDecimal.java:920)
	at oracle.jdbc.driver.T4CVarcharAccessor.StringToNUMBER(T4CVarcharAccessor.java:794)
	... 8 common frames omitted
2026-07-01 12:18:58.623 [main] INFO  com.library.util.DatabaseConnection - Database connection pool initialized for jdbc:oracle:thin:@localhost:1521/XEPDB1
2026-07-01 12:27:43.544 [main] INFO  com.library.util.DatabaseConnection - Database connection pool shut down
2026-07-01 12:30:03.313 [main] INFO  com.library.util.DatabaseConnection - Database connection pool initialized for jdbc:oracle:thin:@localhost:1521/XEPDB1
2026-07-01 12:35:21.827 [main] WARN  com.library.service.AuthService - Failed login attempt for username: admin
2026-07-01 12:35:32.572 [main] WARN  com.library.service.AuthService - Failed login attempt for username: admin
2026-07-01 12:36:18.709 [main] WARN  com.library.service.AuthService - Failed login attempt for username: admin
2026-07-01 12:36:18.848 [main] INFO  com.library.util.DatabaseConnection - Database connection pool shut down
2026-07-01 13:11:31.910 [main] INFO  com.library.util.DatabaseConnection - Database connection pool initialized for jdbc:oracle:thin:@localhost:1521/XEPDB1
2026-07-01 13:11:39.506 [main] WARN  com.library.service.AuthService - Failed login attempt for username: admin
2026-07-01 13:52:21.078 [main] INFO  com.library.util.DatabaseConnection - Database connection pool initialized for jdbc:oracle:thin:@localhost:1521/XEPDB1
2026-07-01 13:52:35.960 [main] WARN  com.library.service.AuthService - Failed login attempt for username: admin
2026-07-01 13:58:30.682 [main] INFO  com.library.util.DatabaseConnection - Database connection pool initialized for jdbc:oracle:thin:@localhost:1521/XEPDB1
2026-07-01 13:59:55.825 [main] WARN  com.library.service.AuthService - Failed login attempt for username: admin
2026-07-01 14:05:18.096 [main] INFO  com.library.util.DatabaseConnection - Database connection pool initialized for jdbc:oracle:thin:@localhost:1521/XEPDB1
2026-07-01 14:14:11.593 [main] WARN  com.library.service.AuthService - Failed login attempt for username: admin
2026-07-01 14:15:27.925 [main] INFO  com.library.util.DatabaseConnection - Database connection pool initialized for jdbc:oracle:thin:@localhost:1521/XEPDB1
2026-07-01 14:15:38.732 [main] WARN  com.library.service.AuthService - Failed login attempt for username: admin
2026-07-01 14:19:24.876 [main] WARN  com.library.service.AuthService - Failed login attempt for username: admin
2026-07-01 14:22:21.547 [main] INFO  com.library.service.AuthService - User logged in: admin (ADMIN)
2026-07-01 14:30:01.820 [LibraryPool housekeeper] WARN  com.zaxxer.hikari.pool.HikariPool - LibraryPool - Thread starvation or clock leap detected (housekeeper delta=5m3s529ms).
2026-07-01 14:30:04.789 [LibraryPool housekeeper] WARN  com.zaxxer.hikari.pool.HikariPool - LibraryPool - Thread starvation or clock leap detected (housekeeper delta=5m3s526ms).
2026-07-01 14:30:06.978 [LibraryPool housekeeper] WARN  com.zaxxer.hikari.pool.HikariPool - LibraryPool - Thread starvation or clock leap detected (housekeeper delta=5m3s530ms).
